SeniorCitizen,tenure,MonthlyCharges,TotalCharges,gender_Male,Partner_Yes,Dependents_Yes,PhoneService_Yes,MultipleLines_No phone service,MultipleLines_Yes,InternetService_Fiber optic,InternetService_No,OnlineSecurity_No internet service,OnlineSecurity_Yes,OnlineBackup_No internet service,OnlineBackup_Yes,DeviceProtection_No internet service,DeviceProtection_Yes,TechSupport_No internet service,TechSupport_Yes,StreamingTV_No internet service,StreamingTV_Yes,StreamingMovies_No internet service,StreamingMovies_Yes,Contract_One year,Contract_Two year,PaperlessBilling_Yes,PaymentMethod_Credit card (automatic),PaymentMethod_Electronic check,PaymentMethod_Mailed check,Churn Predictions
1,61,25,1501,1,1,0,1,0,1,0,1,1,0,1,0,1,0,1,0,1,0,1,0,0,1,0,0,0,0,0
0,19,24,465,0,0,0,1,0,1,0,1,1,0,1,0,1,0,1,0,1,0,1,0,0,0,0,0,0,0,0
0,13,102,1359,1,1,0,1,0,1,1,0,0,0,0,0,0,1,0,0,0,1,0,1,0,0,1,1,0,0,1
0,37,55,2030,1,1,0,1,0,1,0,0,0,1,0,0,0,0,0,0,0,0,0,0,0,0,1,0,0,1,0
0,6,29,161,0,0,0,0,1,0,0,0,0,1,0,0,0,0,0,0,0,0,0,0,0,0,0,0,0,0,0
0,3,29,94,1,1,0,0,1,0,0,0,0,0,0,1,0,0,0,0,0,0,0,0,0,0,0,1,0,0,0
1,52,80,4079,1,1,1,1,0,1,0,0,0,0,0,1,0,1,0,0,0,1,0,1,1,0,1,0,1,0,0
1,15,91,1400,0,0,0,1,0,0,1,0,0,0,0,0,0,0,0,0,0,1,0,1,0,0,1,0,1,0,1
0,26,69,1800,0,0,0,1,0,1,0,0,0,1,0,1,0,0,0,0,0,1,0,0,0,0,1,0,0,0,0
0,66,85,5538,1,1,0,1,0,1,0,0,0,1,0,1,0,0,0,1,0,1,0,1,0,1,0,0,1,0,0
0,4,86,308,1,0,0,1,0,0,1,0,0,0,0,0,0,1,0,0,0,0,0,1,0,0,0,0,1,0,1
0,8,75,632,1,1,0,1,0,0,1,0,0,1,0,0,0,0,0,0,0,0,0,0,0,0,0,0,1,0,0
0,48,20,982,1,0,0,1,0,0,0,1,1,0,1,0,1,0,1,0,1,0,1,0,0,1,0,1,0,0,0
0,10,73,693,0,0,1,1,0,1,0,0,0,1,0,0,0,1,0,1,0,0,0,1,1,0,0,1,0,0,0
0,64,115,7334,0,0,0,1,0,1,1,0,0,1,0,1,0,1,0,1,0,1,0,1,0,1,1,0,0,0,0
0,22,93,2157,1,0,0,1,0,0,1,0,0,0,0,1,0,0,0,0,0,1,0,1,0,0,1,0,0,1,0
1,1,93,93,1,0,0,1,0,1,1,0,0,0,0,0,0,0,0,0,0,1,0,1,0,0,1,0,1,0,1
0,67,50,3260,1,0,0,1,0,0,0,0,0,0,0,0,0,0,0,1,0,0,0,0,0,1,0,0,0,0,0
0,22,89,2001,1,0,1,1,0,0,1,0,0,0,0,1,0,1,0,0,0,1,0,0,0,0,1,0,1,0,0
0,65,91,5940,1,1,0,1,0,1,1,0,0,0,0,1,0,0,0,0,0,1,0,0,0,0,1,0,0,0,0
0,34,30,938,1,1,1,0,1,0,0,0,0,1,0,0,0,0,0,0,0,0,0,0,1,0,0,0,0,0,0
0,72,20,1423,0,1,0,1,0,0,0,1,1,0,1,0,1,0,1,0,1,0,1,0,0,1,0,0,0,0,0
0,5,51,262,1,0,0,1,0,0,0,0,0,0,0,1,0,0,0,0,0,0,0,0,0,0,1,0,1,0,0
1,46,98,4564,1,1,0,1,0,1,1,0,0,0,0,0,0,1,0,0,0,1,0,1,0,0,1,0,1,0,1
0,2,70,123,0,0,0,1,0,0,1,0,0,0,0,0,0,0,0,0,0,0,0,0,0,0,1,0,1,0,1
0,37,58,2203,1,1,1,1,0,0,0,0,0,1,0,0,0,1,0,1,0,0,0,0,1,0,1,0,0,1,0
0,33,25,826,0,0,0,1,0,1,0,1,1,0,1,0,1,0,1,0,1,0,1,0,0,1,0,1,0,0,0
0,16,19,360,0,0,1,1,0,0,0,1,1,0,1,0,1,0,1,0,1,0,1,0,1,0,1,0,0,0,0
0,6,74,469,1,0,0,1,0,1,1,0,0,0,0,0,0,0,0,0,0,0,0,0,0,0,1,0,1,0,1
0,13,55,734,0,1,1,1,0,0,0,0,0,0,0,0,0,0,0,0,0,0,0,1,0,0,0,0,1,0,0
0,47,95,4563,1,1,0,1,0,1,1,0,0,0,0,0,0,0,0,0,0,1,0,1,1,0,1,1,0,0,0
0,1,69,69,0,0,0,1,0,0,1,0,0,0,0,0,0,0,0,0,0,0,0,0,0,0,1,0,1,0,1
0,39,80,3182,1,1,1,1,0,0,0,0,0,1,0,0,0,1,0,1,0,1,0,1,1,0,0,1,0,0,0
1,63,108,6991,1,1,0,1,0,1,1,0,0,1,0,1,0,1,0,0,0,1,0,1,0,1,0,1,0,0,0
0,10,18,163,0,0,0,1,0,0,0,1,1,0,1,0,1,0,1,0,1,0,1,0,0,0,0,0,0,1,0
0,10,24,226,1,0,0,1,0,1,0,1,1,0,1,0,1,0,1,0,1,0,1,0,0,0,1,0,1,0,0
0,18,95,1679,0,0,0,1,0,1,1,0,0,0,0,0,0,1,0,1,0,0,0,1,0,0,1,0,0,0,0
0,1,49,49,1,0,0,1,0,0,0,0,0,1,0,0,0,0,0,0,0,0,0,0,0,0,1,1,0,0,0
0,66,56,3789,1,1,0,0,1,0,0,0,0,1,0,1,0,1,0,1,0,1,0,0,0,1,1,0,0,0,0
1,69,20,1356,1,0,0,1,0,0,0,1,1,0,1,0,1,0,1,0,1,0,1,0,0,1,0,1,0,0,0
0,3,69,191,1,0,0,1,0,0,0,0,0,0,0,0,0,0,0,1,0,1,0,1,0,0,1,0,1,0,0
0,68,19,1441,0,0,0,1,0,0,0,1,1,0,1,0,1,0,1,0,1,0,1,0,0,1,0,1,0,0,0
0,6,19,113,1,1,1,1,0,0,0,1,1,0,1,0,1,0,1,0,1,0,1,0,1,0,0,0,0,1,0
0,72,19,1434,1,0,0,1,0,0,0,1,1,0,1,0,1,0,1,0,1,0,1,0,0,1,0,0,0,0,0
1,58,100,5749,0,1,0,1,0,1,1,0,0,0,0,0,0,0,0,1,0,1,0,1,0,0,1,0,0,0,0
0,45,105,4730,0,1,1,1,0,1,1,0,0,1,0,1,0,0,0,0,0,1,0,1,0,0,1,0,1,0,0
0,68,110,7467,1,1,1,1,0,1,1,0,0,1,0,1,0,1,0,0,0,1,0,1,0,1,1,0,1,0,0
0,32,99,3204,1,1,1,1,0,1,1,0,0,1,0,0,0,0,0,0,0,1,0,1,0,0,1,1,0,0,0
0,1,74,74,1,0,0,1,0,1,1,0,0,0,0,0,0,0,0,0,0,0,0,0,0,0,1,0,1,0,1
0,9,70,597,1,0,0,1,0,0,1,0,0,0,0,0,0,0,0,0,0,0,0,0,0,0,1,0,1,0,1
0,19,24,434,0,1,1,0,1,0,0,0,0,0,0,0,0,0,0,0,0,0,0,0,0,0,1,0,0,1,0
0,60,65,3928,1,1,1,1,0,0,0,0,0,1,0,1,0,1,0,1,0,0,0,0,1,0,1,0,0,0,0
0,29,78,2384,0,0,0,1,0,0,1,0,0,0,0,0,0,0,0,0,0,1,0,0,0,0,1,0,1,0,0
0,72,114,8468,1,1,1,1,0,1,1,0,0,1,0,1,0,1,0,1,0,1,0,1,0,1,1,1,0,0,0
1,43,94,3953,1,1,0,1,0,1,1,0,0,0,0,1,0,0,0,1,0,1,0,0,0,0,1,0,1,0,0
0,1,69,69,1,1,1,1,0,0,1,0,0,0,0,0,0,0,0,0,0,0,0,0,0,0,1,0,0,1,1
0,15,76,1155,0,1,1,1,0,0,0,0,0,0,0,1,0,1,0,1,0,1,0,1,0,0,0,0,0,0,0
0,3,90,237,1,0,0,1,0,0,1,0,0,0,0,0,0,0,0,0,0,1,0,1,0,0,0,0,0,1,1
0,49,99,4872,1,1,1,1,0,1,1,0,0,0,0,0,0,1,0,0,0,1,0,1,0,0,1,0,1,0,1
0,12,89,1021,1,0,0,1,0,1,1,0,0,0,0,0,0,1,0,0,0,1,0,0,0,0,1,0,1,0,1
0,1,80,80,1,0,0,1,0,0,1,0,0,0,0,0,0,0,0,0,0,0,0,1,0,0,1,0,0,1,1
0,21,20,402,1,0,0,1,0,0,0,1,1,0,1,0,1,0,1,0,1,0,1,0,0,0,0,1,0,0,0
0,18,74,1438,0,1,0,1,0,0,1,0,0,1,0,0,0,0,0,0,0,0,0,0,0,0,0,0,1,0,0
1,72,92,6440,0,1,1,1,0,1,0,0,0,1,0,1,0,1,0,1,0,1,0,1,0,1,0,1,0,0,0
0,72,19,1414,1,0,0,1,0,0,0,1,1,0,1,0,1,0,1,0,1,0,1,0,0,1,0,0,0,0,0
0,46,74,3548,0,0,0,1,0,0,1,0,0,0,0,0,0,1,0,0,0,0,0,0,0,0,1,1,0,0,0
1,7,76,503,0,0,0,1,0,0,1,0,0,1,0,0,0,0,0,0,0,0,0,0,0,0,0,0,0,0,0
0,72,84,5893,0,1,1,1,0,1,0,0,0,1,0,0,0,1,0,1,0,1,0,1,0,1,0,1,0,0,0
0,39,19,791,1,0,0,1,0,0,0,1,1,0,1,0,1,0,1,0,1,0,1,0,1,0,0,0,0,1,0
1,72,78,5682,0,1,0,1,0,1,0,0,0,1,0,1,0,1,0,1,0,0,0,1,0,1,0,0,0,0,0
0,1,50,50,1,0,0,1,0,1,0,0,0,0,0,0,0,0,0,0,0,0,0,0,0,0,0,0,0,1,1
0,72,19,1529,1,0,1,1,0,0,0,1,1,0,1,0,1,0,1,0,1,0,1,0,0,1,0,1,0,0,0
0,6,82,460,1,1,0,1,0,1,1,0,0,0,0,0,0,0,0,0,0,1,0,0,0,0,1,0,1,0,1
0,44,19,868,0,0,1,1,0,0,0,1,1,0,1,0,1,0,1,0,1,0,1,0,0,1,0,0,0,1,0
0,1,20,20,0,0,0,1,0,0,0,1,1,0,1,0,1,0,1,0,1,0,1,0,0,0,0,0,0,1,0
0,18,20,370,0,1,0,1,0,0,0,1,1,0,1,0,1,0,1,0,1,0,1,0,0,1,0,0,0,1,0
0,41,68,2839,1,1,1,1,0,1,0,0,0,0,0,1,0,1,0,0,0,1,0,0,1,0,0,0,0,0,0
0,48,20,1027,0,1,1,1,0,0,0,1,1,0,1,0,1,0,1,0,1,0,1,0,0,1,0,0,0,0,0
0,72,117,8670,0,1,1,1,0,1,1,0,0,1,0,1,0,1,0,1,0,1,0,1,0,1,0,1,0,0,0
0,62,70,4300,0,1,1,1,0,1,0,0,0,0,0,0,0,0,0,0,0,1,0,1,0,0,1,1,0,0,0
0,1,19,19,0,1,1,1,0,0,0,1,1,0,1,0,1,0,1,0,1,0,1,0,0,0,0,0,1,0,0
0,11,79,929,0,0,0,1,0,1,1,0,0,1,0,0,0,0,0,0,0,0,0,0,0,0,1,0,0,0,1
0,12,81,858,1,0,0,1,0,0,1,0,0,1,0,0,0,1,0,0,0,0,0,0,0,0,0,0,0,0,0
0,35,86,3029,0,0,0,1,0,1,1,0,0,0,0,0,0,0,0,0,0,1,0,0,0,0,1,0,1,0,1
0,17,70,1207,1,0,0,1,0,0,1,0,0,0,0,0,0,0,0,0,0,0,0,0,0,0,1,0,1,0,1
0,34,78,2647,1,1,1,1,0,0,1,0,0,0,0,0,0,0,0,0,0,0,0,1,1,0,1,0,0,0,0
0,59,90,5194,0,1,1,1,0,1,0,0,0,1,0,1,0,1,0,1,0,1,0,1,0,1,0,1,0,0,0
0,41,66,2728,0,1,1,1,0,0,0,0,0,0,0,1,0,0,0,1,0,0,0,1,1,0,1,0,0,0,0
0,35,25,809,1,1,1,1,0,1,0,1,1,0,1,0,1,0,1,0,1,0,1,0,0,1,0,0,0,0,0
0,72,80,5714,0,1,1,1,0,1,0,0,0,1,0,1,0,1,0,1,0,1,0,0,0,1,0,0,0,0,0
1,24,54,1291,1,0,0,1,0,1,0,0,0,0,0,1,0,0,0,0,0,0,0,0,0,0,0,1,0,0,0
0,43,64,2908,0,1,0,1,0,1,0,0,0,0,0,0,0,0,0,1,0,1,0,0,1,0,1,0,0,0,0
0,10,94,953,0,0,0,1,0,1,1,0,0,0,0,1,0,1,0,0,0,0,0,1,0,0,1,0,1,0,1
0,28,60,1682,1,1,1,0,1,0,0,0,0,0,0,1,0,1,0,1,0,1,0,1,1,0,1,1,0,0,0
1,43,90,3838,0,0,0,1,0,1,1,0,0,0,0,1,0,0,0,0,0,1,0,0,0,0,1,0,1,0,1
0,72,20,1566,0,0,0,1,0,0,0,1,1,0,1,0,1,0,1,0,1,0,1,0,0,1,0,1,0,0,0
0,24,56,1454,1,1,1,1,0,0,0,0,0,1,0,0,0,1,0,0,0,0,0,0,1,0,1,1,0,0,0
0,9,70,564,1,1,0,1,0,0,0,0,0,0,0,0,0,1,0,0,0,1,0,1,0,0,1,0,0,1,0
0,6,48,273,0,1,1,1,0,1,0,0,0,0,0,0,0,0,0,0,0,0,0,0,0,0,1,1,0,0,0
0,46,30,1489,1,0,0,0,1,0,0,0,0,1,0,0,0,0,0,0,0,0,0,0,1,0,1,0,0,0,0
0,57,20,1125,1,0,0,1,0,0,0,1,1,0,1,0,1,0,1,0,1,0,1,0,0,1,0,0,0,0,0
1,68,100,6851,0,1,0,1,0,1,1,0,0,0,0,1,0,0,0,0,0,1,0,1,0,0,1,0,1,0,0
1,24,96,2263,0,1,1,1,0,0,1,0,0,0,0,0,0,1,0,0,0,1,0,1,0,1,1,0,1,0,0
0,26,83,2070,1,1,1,1,0,1,1,0,0,0,0,0,0,0,0,0,0,1,0,0,0,0,1,0,1,0,1
0,1,55,55,1,0,0,1,0,0,0,0,0,0,0,0,0,0,0,0,0,0,0,1,0,0,0,0,0,1,1
0,72,105,7542,1,1,1,1,0,1,1,0,0,1,0,0,0,1,0,0,0,1,0,1,0,1,1,0,0,0,0
1,33,80,2656,0,1,0,1,0,1,1,0,0,0,0,1,0,0,0,0,0,0,0,0,0,0,1,0,0,0,0
0,39,49,1971,1,0,0,1,0,0,0,0,0,0,0,0,0,0,0,1,0,0,0,0,0,1,1,0,0,0,0
0,9,75,724,1,0,0,1,0,1,1,0,0,0,0,0,0,0,0,0,0,0,0,0,0,0,1,0,1,0,1
0,41,35,1412,0,1,1,0,1,0,0,0,0,1,0,0,0,1,0,0,0,0,0,0,1,0,0,1,0,0,0
0,71,97,6687,1,0,0,1,0,1,1,0,0,1,0,0,0,0,0,1,0,0,0,1,1,0,0,1,0,0,0
0,22,20,452,0,1,1,1,0,0,0,1,1,0,1,0,1,0,1,0,1,0,1,0,1,0,0,0,0,0,0
0,72,82,5815,1,1,1,1,0,1,0,0,0,1,0,1,0,1,0,1,0,1,0,0,0,1,0,0,0,0,0
1,13,96,1235,0,0,0,1,0,0,1,0,0,0,0,0,0,1,0,0,0,1,0,1,0,0,1,0,1,0,1
0,68,25,1821,0,0,0,1,0,1,0,1,1,0,1,0,1,0,1,0,1,0,1,0,0,1,0,0,0,0,0
0,1,44,44,1,0,0,1,0,0,0,0,0,0,0,0,0,0,0,0,0,0,0,0,0,0,0,0,0,1,0
0,70,19,1397,0,1,0,1,0,0,0,1,1,0,1,0,1,0,1,0,1,0,1,0,0,1,0,0,0,0,0
0,68,58,3975,0,1,0,1,0,1,0,0,0,1,0,0,0,0,0,1,0,0,0,0,1,0,0,0,0,0,0
0,37,40,1448,1,1,1,0,1,0,0,0,0,1,0,1,0,1,0,0,0,0,0,0,0,0,0,0,0,0,0
0,41,19,804,0,1,1,1,0,0,0,1,1,0,1,0,1,0,1,0,1,0,1,0,0,1,0,0,0,0,0
1,4,75,273,1,0,0,1,0,0,1,0,0,1,0,0,0,0,0,0,0,0,0,0,0,0,0,0,1,0,0
0,4,88,370,1,0,0,1,0,0,1,0,0,0,0,0,0,0,0,0,0,1,0,1,0,0,1,0,1,0,1
0,72,103,7634,1,0,0,1,0,1,1,0,0,0,0,1,0,1,0,0,0,1,0,1,0,1,1,0,1,0,0
0,23,19,465,1,0,1,1,0,0,0,1,1,0,1,0,1,0,1,0,1,0,1,0,1,0,0,0,0,1,0
0,15,25,369,0,0,0,1,0,1,0,1,1,0,1,0,1,0,1,0,1,0,1,0,0,1,0,0,0,0,0
0,13,45,597,1,0,0,0,1,0,0,0,0,1,0,0,0,0,0,1,0,1,0,0,0,0,1,1,0,0,0
0,5,20,104,0,0,0,1,0,0,0,1,1,0,1,0,1,0,1,0,1,0,1,0,0,0,1,0,0,1,0
0,46,70,3231,0,1,0,1,0,0,0,0,0,1,0,1,0,0,0,1,0,0,0,1,1,0,0,0,0,1,0
0,12,33,435,0,0,0,0,1,0,0,0,0,1,0,0,0,0,0,1,0,0,0,0,1,0,1,0,0,1,0
0,44,19,835,1,0,0,1,0,0,0,1,1,0,1,0,1,0,1,0,1,0,1,0,1,0,0,1,0,0,0
0,68,44,3085,0,0,0,0,1,0,0,0,0,0,0,1,0,0,0,1,0,0,0,1,0,0,0,0,1,0,0
0,1,19,19,0,0,0,1,0,0,0,1,1,0,1,0,1,0,1,0,1,0,1,0,0,0,1,0,0,1,0
0,30,19,576,1,1,0,1,0,0,0,1,1,0,1,0,1,0,1,0,1,0,1,0,1,0,0,1,0,0,0
0,41,102,4213,1,1,1,1,0,1,1,0,0,0,0,0,0,1,0,1,0,1,0,1,1,0,1,0,1,0,0
0,14,85,1139,1,1,0,1,0,1,1,0,0,0,0,0,0,0,0,0,0,0,0,1,0,0,1,0,1,0,1
0,59,94,5597,0,1,0,1,0,1,1,0,0,1,0,1,0,0,0,0,0,1,0,0,0,0,1,0,1,0,0
0,56,19,1080,0,0,0,1,0,0,0,1,1,0,1,0,1,0,1,0,1,0,1,0,0,1,1,0,0,0,0
1,11,84,906,0,0,0,1,0,1,1,0,0,0,0,0,0,0,0,0,0,0,0,1,0,0,1,1,0,0,1
0,54,108,5760,1,0,0,1,0,1,1,0,0,1,0,1,0,0,0,1,0,1,0,1,0,1,1,1,0,0,0
0,36,55,1941,0,0,0,1,0,1,0,0,0,0,0,0,0,1,0,0,0,0,0,0,1,0,0,0,1,0,0
0,16,19,284,1,0,0,1,0,0,0,1,1,0,1,0,1,0,1,0,1,0,1,0,0,1,0,0,0,1,0
0,30,80,2369,0,1,1,1,0,0,0,0,0,0,0,1,0,1,0,1,0,1,0,1,0,1,0,0,0,0,0
0,46,72,3249,1,0,0,1,0,1,1,0,0,0,0,0,0,0,0,0,0,0,0,0,0,0,0,0,0,0,0
0,25,54,1296,1,1,1,1,0,0,0,0,0,1,0,0,0,0,0,1,0,0,0,0,0,0,0,0,1,0,0
1,8,75,606,0,0,0,1,0,1,1,0,0,0,0,0,0,0,0,0,0,0,0,0,0,0,1,0,1,0,1
0,57,65,3687,0,1,1,1,0,1,0,0,0,1,0,1,0,0,0,1,0,0,0,0,0,0,0,0,0,0,0
1,72,116,8277,0,1,0,1,0,1,1,0,0,1,0,1,0,1,0,1,0,1,0,1,0,1,1,1,0,0,0
1,35,70,2419,0,0,0,1,0,0,1,0,0,0,0,0,0,0,0,0,0,0,0,0,0,0,0,0,1,0,0
0,1,45,45,0,0,0,1,0,0,0,0,0,0,0,0,0,0,0,0,0,0,0,0,0,0,1,0,0,1,1
0,6,75,438,1,1,0,1,0,1,1,0,0,0,0,0,0,0,0,0,0,0,0,0,0,0,1,0,1,0,1
0,45,25,1216,0,1,1,1,0,1,0,1,1,0,1,0,1,0,1,0,1,0,1,0,1,0,1,1,0,0,0
1,1,45,45,1,0,0,1,0,0,0,0,0,0,0,0,0,0,0,0,0,0,0,0,0,0,0,0,1,0,1
0,72,84,6185,0,0,0,1,0,1,1,0,0,1,0,0,0,0,0,1,0,0,0,0,0,1,1,0,0,0,0
0,72,55,3880,0,1,1,0,1,0,0,0,0,1,0,1,0,1,0,1,0,0,0,1,0,1,0,1,0,0,0
0,9,45,418,1,0,0,0,1,0,0,0,0,0,0,0,0,0,0,0,0,1,0,1,0,0,1,0,1,0,1
1,49,89,4287,0,0,0,1,0,0,1,0,0,0,0,1,0,1,0,0,0,0,0,1,1,0,1,0,0,0,0
0,23,83,2032,0,0,0,1,0,0,1,0,0,0,0,1,0,1,0,1,0,0,0,0,0,0,0,0,0,0,0
0,35,91,3236,1,1,0,1,0,1,1,0,0,0,0,0,0,0,0,1,0,1,0,0,0,0,1,1,0,0,0
0,5,43,219,1,0,0,0,1,0,0,0,0,1,0,1,0,1,0,1,0,0,0,0,0,0,1,0,0,1,0
0,13,84,1095,1,1,1,1,0,0,1,0,0,1,0,0,0,0,0,0,0,0,0,1,0,0,0,0,1,0,0
0,45,50,2221,0,1,0,1,0,0,0,0,0,0,0,0,0,1,0,0,0,0,0,0,0,0,1,1,0,0,0
0,12,74,741,1,1,0,1,0,0,0,0,0,0,0,0,0,1,0,1,0,1,0,1,0,0,1,0,1,0,0
0,72,21,1419,0,0,0,1,0,0,0,1,1,0,1,0,1,0,1,0,1,0,1,0,0,1,1,0,0,0,0
0,1,19,19,0,1,1,1,0,0,0,1,1,0,1,0,1,0,1,0,1,0,1,0,0,0,1,0,0,1,0
0,37,78,2976,0,0,0,1,0,1,0,0,0,1,0,1,0,1,0,1,0,1,0,0,0,0,1,1,0,0,0
0,45,18,867,1,0,0,1,0,0,0,1,1,0,1,0,1,0,1,0,1,0,1,0,1,0,0,0,0,0,0
0,9,94,890,1,1,0,1,0,0,1,0,0,0,0,1,0,1,0,1,0,1,0,0,0,0,1,0,0,1,1
0,15,101,1553,1,0,0,1,0,0,1,0,0,0,0,0,0,1,0,1,0,1,0,1,0,0,1,0,1,0,0
0,1,94,94,0,0,0,1,0,1,1,0,0,0,0,0,0,0,0,0,0,1,0,1,0,0,1,0,1,0,1
1,22,85,1961,0,1,1,1,0,1,1,0,0,0,0,0,0,0,0,0,0,1,0,0,0,0,0,0,0,0,0
0,2,80,171,1,0,0,1,0,0,1,0,0,0,0,0,0,0,0,0,0,0,0,1,0,0,1,0,1,0,1
1,60,71,4374,1,0,0,1,0,1,0,0,0,1,0,1,0,0,0,0,0,0,0,1,1,0,1,0,1,0,0
0,26,69,1815,0,0,0,1,0,0,1,0,0,0,0,0,0,0,0,0,0,0,0,0,0,0,1,1,0,0,0
0,15,19,270,0,0,1,1,0,0,0,1,1,0,1,0,1,0,1,0,1,0,1,0,1,0,0,0,0,1,0
0,35,80,2835,0,0,0,1,0,1,1,0,0,0,0,0,0,0,0,1,0,0,0,0,0,0,0,1,0,0,0
1,42,104,4323,0,0,0,1,0,1,1,0,0,0,0,1,0,1,0,0,0,1,0,1,0,0,1,0,0,0,0
0,43,56,2391,1,1,0,1,0,0,0,0,0,0,0,0,0,0,0,0,0,1,0,0,1,0,1,0,0,1,0
0,11,102,1145,0,1,0,1,0,1,1,0,0,0,0,1,0,0,0,0,0,1,0,1,0,0,1,0,1,0,1
0,37,90,3358,1,0,0,1,0,1,0,0,0,1,0,1,0,1,0,1,0,1,0,1,1,0,1,0,0,0,0
0,65,107,7082,0,1,0,1,0,1,1,0,0,0,0,1,0,1,0,1,0,1,0,1,0,1,1,0,0,0,0
0,1,46,46,1,0,0,1,0,0,0,0,0,0,0,0,0,0,0,0,0,0,0,0,0,0,0,0,0,1,1
0,16,65,1043,0,0,0,1,0,1,0,0,0,0,0,0,0,1,0,0,0,0,0,1,0,0,1,1,0,0,0
0,72,68,4888,0,1,1,1,0,0,0,0,0,1,0,1,0,1,0,0,0,0,0,1,0,1,0,1,0,0,0
0,1,24,24,0,0,0,0,1,0,0,0,0,0,0,0,0,0,0,0,0,0,0,0,0,0,1,0,0,1,1
0,4,42,146,1,0,0,0,1,0,0,0,0,1,0,1,0,0,0,1,0,0,0,0,0,0,0,0,0,1,0
0,72,64,4804,0,1,0,1,0,1,0,0,0,1,0,1,0,0,0,1,0,0,0,0,0,1,0,0,0,0,0
0,30,90,2820,1,0,0,1,0,1,1,0,0,1,0,1,0,1,0,0,0,0,0,0,1,0,0,0,0,0,0
0,5,85,420,0,0,0,1,0,0,1,0,0,0,0,1,0,0,0,0,0,1,0,0,0,0,1,0,0,1,1
0,53,95,5036,1,0,1,1,0,0,1,0,0,1,0,1,0,1,0,0,0,0,0,1,1,0,0,0,1,0,0
1,1,25,25,0,0,0,0,1,0,0,0,0,0,0,0,0,0,0,0,0,0,0,0,0,0,0,0,1,0,1
0,3,55,165,0,0,0,1,0,0,0,0,0,1,0,1,0,0,0,0,0,0,0,0,0,0,0,0,1,0,0
0,3,89,244,1,0,0,1,0,0,1,0,0,0,0,0,0,1,0,1,0,1,0,0,0,0,1,0,0,1,1
1,67,101,6841,1,0,0,1,0,1,1,0,0,0,0,0,0,1,0,0,0,1,0,1,0,0,1,1,0,0,0
0,23,57,1423,1,1,1,1,0,0,0,0,0,1,0,0,0,0,0,1,0,0,0,0,1,0,0,1,0,0,0
0,72,75,5480,1,1,1,1,0,0,0,0,0,0,0,1,0,1,0,0,0,1,0,1,0,1,1,0,0,0,0
0,26,44,1183,0,0,0,0,1,0,0,0,0,0,0,0,0,1,0,1,0,1,0,0,0,0,1,1,0,0,0
1,71,89,6293,0,0,0,1,0,1,0,0,0,1,0,1,0,1,0,1,0,1,0,1,0,1,0,0,0,1,0
0,68,89,5974,0,1,0,1,0,1,1,0,0,0,0,0,0,1,0,0,0,1,0,0,0,1,1,0,0,0,0
0,2,75,143,0,0,0,1,0,1,1,0,0,0,0,0,0,0,0,0,0,0,0,0,0,0,1,0,1,0,1
0,64,90,5817,0,1,1,1,0,1,0,0,0,1,0,1,0,1,0,1,0,1,0,1,0,1,1,0,0,1,0
0,22,20,471,1,1,0,1,0,0,0,1,1,0,1,0,1,0,1,0,1,0,1,0,0,0,1,0,0,0,0
1,27,104,2964,1,0,0,1,0,1,1,0,0,0,0,1,0,0,0,1,0,1,0,1,1,0,1,0,0,0,0
0,60,103,5969,1,1,1,1,0,1,1,0,0,0,0,1,0,0,0,1,0,1,0,1,0,0,1,0,0,0,0
0,51,59,3043,1,0,0,1,0,1,0,0,0,1,0,0,0,0,0,1,0,0,0,0,1,0,0,1,0,0,0
0,8,84,668,0,0,0,1,0,0,1,0,0,1,0,0,0,0,0,0,0,1,0,0,0,0,0,0,1,0,1
0,7,71,472,0,0,1,1,0,0,1,0,0,0,0,0,0,0,0,0,0,0,0,0,0,0,1,0,1,0,1
0,24,19,494,0,1,1,1,0,0,0,1,1,0,1,0,1,0,1,0,1,0,1,0,0,1,1,0,0,1,0
0,24,21,531,0,0,1,1,0,0,0,1,1,0,1,0,1,0,1,0,1,0,1,0,1,0,0,0,0,0,0
1,39,95,3759,1,0,0,1,0,1,1,0,0,0,0,0,0,0,0,0,0,1,0,1,0,0,1,0,0,0,0
0,4,35,135,0,0,0,0,1,0,0,0,0,1,0,0,0,1,0,0,0,0,0,0,0,0,0,0,0,1,0
0,17,19,307,0,1,0,1,0,0,0,1,1,0,1,0,1,0,1,0,1,0,1,0,1,0,0,0,0,1,0
0,15,25,387,0,1,0,1,0,1,0,1,1,0,1,0,1,0,1,0,1,0,1,0,0,1,0,0,0,1,0
1,70,75,5212,0,0,0,1,0,1,0,0,0,0,0,1,0,1,0,1,0,1,0,0,0,1,1,0,0,0,0
0,1,79,79,0,0,1,1,0,0,1,0,0,0,0,0,0,0,0,0,0,0,0,1,0,0,1,0,1,0,1
0,34,61,1993,0,1,1,0,1,0,0,0,0,1,0,0,0,1,0,1,0,1,0,1,1,0,0,0,0,1,0
0,26,79,2015,0,1,0,1,0,1,1,0,0,0,0,1,0,0,0,0,0,0,0,0,0,0,0,0,0,0,0
0,55,20,1177,1,1,1,1,0,0,0,1,1,0,1,0,1,0,1,0,1,0,1,0,0,1,0,0,0,1,0
0,27,90,2423,0,1,0,1,0,1,1,0,0,0,0,0,0,1,0,0,0,0,0,1,0,0,0,0,0,0,0
0,26,50,1285,1,1,1,1,0,0,0,0,0,0,0,0,0,1,0,0,0,0,0,0,1,0,0,0,0,1,0
0,39,73,2730,1,0,0,1,0,1,1,0,0,0,0,0,0,0,0,0,0,0,0,0,0,0,1,1,0,0,0
1,20,71,1389,1,0,0,1,0,0,1,0,0,0,0,0,0,0,0,0,0,0,0,0,0,0,0,1,0,0,0
0,24,53,1315,1,1,0,1,0,0,0,0,0,1,0,0,0,0,0,1,0,0,0,0,0,0,0,0,0,1,0
0,68,90,6297,0,1,0,1,0,1,1,0,0,0,0,1,0,1,0,1,0,0,0,0,0,1,0,1,0,0,0
1,16,74,1178,1,1,0,1,0,0,1,0,0,0,0,1,0,0,0,0,0,0,0,0,0,0,1,1,0,0,1
0,1,71,71,0,0,0,1,0,0,1,0,0,0,0,0,0,0,0,0,0,0,0,0,0,0,0,0,0,1,1
0,70,51,3635,1,1,0,0,1,0,0,0,0,0,0,1,0,1,0,1,0,0,0,1,1,0,1,0,0,0,0
1,3,79,260,1,0,0,1,0,0,1,0,0,0,0,0,0,0,0,0,0,1,0,0,0,0,1,0,1,0,1
0,24,99,2431,0,1,0,1,0,0,1,0,0,0,0,1,0,1,0,0,0,1,0,1,0,0,1,1,0,0,0
0,72,91,6614,1,1,1,1,0,1,0,0,0,1,0,1,0,1,0,1,0,1,0,1,0,1,1,1,0,0,0
0,1,19,19,1,0,0,1,0,0,0,1,1,0,1,0,1,0,1,0,1,0,1,0,0,0,1,0,0,1,0
0,31,49,1520,0,0,0,0,1,0,0,0,0,1,0,1,0,0,0,1,0,0,0,1,0,1,1,0,0,0,0
0,1,24,24,0,1,0,0,1,0,0,0,0,0,0,0,0,0,0,0,0,0,0,0,0,0,1,0,1,0,1
0,50,99,5059,1,1,0,1,0,1,1,0,0,0,0,0,0,0,0,1,0,1,0,1,1,0,0,0,1,0,0
0,61,88,5321,0,0,0,1,0,1,0,0,0,0,0,1,0,1,0,1,0,1,0,1,0,1,0,1,0,0,0
1,11,70,834,1,1,0,1,0,0,1,0,0,0,0,0,0,0,0,0,0,0,0,0,0,0,1,0,1,0,1
0,2,45,84,0,0,0,1,0,0,0,0,0,0,0,0,0,0,0,0,0,0,0,0,0,0,0,0,1,0,1
1,64,74,4869,0,0,0,1,0,1,0,0,0,0,0,1,0,1,0,1,0,0,0,1,0,0,0,1,0,0,0
0,18,40,711,0,0,0,0,1,0,0,0,0,1,0,1,0,0,0,1,0,0,0,0,1,0,1,0,0,1,0
0,45,25,1121,0,1,0,1,0,1,0,1,1,0,1,0,1,0,1,0,1,0,1,0,0,1,0,0,0,1,0
0,31,59,1825,1,1,1,1,0,1,0,0,0,0,0,0,0,0,0,0,0,0,0,1,0,0,0,0,0,0,0
0,61,24,1551,0,1,1,1,0,1,0,1,1,0,1,0,1,0,1,0,1,0,1,0,0,1,1,0,0,1,0
1,31,73,2094,0,0,0,1,0,0,1,0,0,1,0,0,0,0,0,0,0,0,0,0,0,0,1,1,0,0,0
0,57,19,1115,0,1,0,1,0,0,0,1,1,0,1,0,1,0,1,0,1,0,1,0,0,1,0,0,0,0,0
0,28,90,2509,0,1,1,1,0,1,1,0,0,0,0,0,0,0,0,1,0,0,0,1,1,0,1,0,1,0,0
0,37,65,2313,1,0,0,1,0,0,0,0,0,1,0,1,0,1,0,1,0,0,0,0,0,1,0,0,0,0,0
0,46,103,4594,0,1,0,1,0,1,1,0,0,0,0,1,0,0,0,1,0,1,0,1,1,0,1,0,1,0,0
0,19,19,367,0,0,0,1,0,0,0,1,1,0,1,0,1,0,1,0,1,0,1,0,0,0,0,0,0,1,0
0,63,20,1298,0,0,0,1,0,0,0,1,1,0,1,0,1,0,1,0,1,0,1,0,0,1,1,0,0,1,0
0,69,79,5502,1,0,1,1,0,1,0,0,0,1,0,1,0,1,0,1,0,1,0,0,0,1,1,1,0,0,0
0,19,89,1686,0,1,1,1,0,1,1,0,0,0,0,0,0,0,0,1,0,0,0,1,1,0,1,0,0,0,0
0,31,83,2674,0,1,0,1,0,0,1,0,0,0,0,1,0,0,0,0,0,0,0,1,0,0,1,0,0,0,0
1,18,20,369,0,0,0,1,0,0,0,1,1,0,1,0,1,0,1,0,1,0,1,0,1,0,0,0,0,0,0
0,44,50,2139,0,0,0,1,0,1,0,0,0,0,0,0,0,0,0,0,0,0,0,0,0,0,1,0,0,1,0
1,1,70,70,1,1,0,1,0,0,1,0,0,0,0,0,0,0,0,0,0,0,0,0,0,0,1,0,1,0,1
0,1,89,89,1,0,0,1,0,0,1,0,0,0,0,0,0,0,0,0,0,1,0,1,0,0,1,0,1,0,1
0,11,35,363,0,0,0,0,1,0,0,0,0,0,0,0,0,0,0,0,0,1,0,0,0,0,1,0,0,1,0
0,22,20,450,0,0,0,1,0,0,0,1,1,0,1,0,1,0,1,0,1,0,1,0,1,0,0,0,0,0,0
0,23,84,1968,1,1,0,1,0,1,1,0,0,0,0,1,0,1,0,0,0,0,0,0,0,0,0,0,1,0,0
0,37,80,3019,0,0,0,1,0,0,1,0,0,0,0,1,0,1,0,0,0,0,0,0,1,0,0,0,1,0,0
0,46,40,1842,1,1,0,0,1,0,0,0,0,1,0,0,0,1,0,1,0,0,0,0,0,1,0,1,0,0,0
0,20,19,433,0,0,0,1,0,0,0,1,1,0,1,0,1,0,1,0,1,0,1,0,1,0,1,1,0,0,0
0,1,50,50,0,0,0,1,0,0,0,0,0,0,0,0,0,0,0,1,0,0,0,0,0,0,1,0,1,0,0
0,58,75,4415,0,1,1,1,0,1,0,0,0,1,0,0,0,1,0,1,0,1,0,0,0,1,0,0,0,1,0
0,71,95,6770,0,1,1,1,0,1,1,0,0,1,0,1,0,1,0,1,0,0,0,0,1,0,1,1,0,0,0
0,29,71,2080,0,0,0,1,0,1,0,0,0,0,0,0,0,0,0,0,0,1,0,1,1,0,1,1,0,0,0
0,64,81,5129,0,1,0,1,0,1,0,0,0,1,0,1,0,1,0,1,0,0,0,1,0,1,1,0,0,1,0
1,1,73,73,1,0,0,1,0,1,1,0,0,0,0,0,0,0,0,0,0,0,0,0,0,0,1,0,1,0,1
0,1,20,20,1,0,0,1,0,0,0,1,1,0,1,0,1,0,1,0,1,0,1,0,0,0,0,0,0,0,0
0,70,60,4138,1,1,1,0,1,0,0,0,0,0,0,1,0,1,0,1,0,1,0,1,1,0,0,0,1,0,0
0,13,19,257,1,0,0,1,0,0,0,1,1,0,1,0,1,0,1,0,1,0,1,0,1,0,1,0,0,1,0
0,57,39,2111,1,0,0,0,1,0,0,0,0,0,0,1,0,0,0,0,0,1,0,0,0,0,1,0,1,0,0
1,57,101,5779,0,0,0,1,0,1,1,0,0,1,0,0,0,1,0,1,0,0,0,1,0,1,0,1,0,0,0
0,6,20,100,0,1,1,1,0,0,0,1,1,0,1,0,1,0,1,0,1,0,1,0,0,1,0,0,0,1,0
1,63,36,2298,1,1,0,0,1,0,0,0,0,1,0,0,0,0,0,1,0,0,0,0,1,0,0,0,0,0,0
0,8,19,156,0,0,0,1,0,0,0,1,1,0,1,0,1,0,1,0,1,0,1,0,0,0,0,0,0,1,0
0,23,48,1067,1,1,1,1,0,1,0,0,0,0,0,0,0,0,0,0,0,0,0,0,1,0,1,1,0,0,0
0,40,50,2023,0,0,0,1,0,0,0,0,0,0,0,0,0,1,0,0,0,0,0,0,1,0,1,0,0,1,0
0,59,25,1534,0,1,1,1,0,1,0,1,1,0,1,0,1,0,1,0,1,0,1,0,0,1,0,0,0,1,0
0,18,20,407,0,0,0,1,0,0,0,1,1,0,1,0,1,0,1,0,1,0,1,0,1,0,0,0,0,1,0
0,17,90,1612,1,0,0,1,0,0,1,0,0,0,0,1,0,1,0,0,0,0,0,1,0,0,1,1,0,0,0
1,46,85,3969,1,0,0,1,0,0,1,0,0,1,0,0,0,0,0,0,0,0,0,1,0,0,0,0,1,0,0
0,16,20,321,0,1,1,1,0,0,0,1,1,0,1,0,1,0,1,0,1,0,1,0,0,0,0,0,1,0,0
0,22,83,1799,1,0,0,1,0,1,1,0,0,0,0,0,0,0,0,0,0,0,0,1,0,0,0,0,1,0,0
0,62,81,4985,0,1,0,1,0,0,0,0,0,1,0,0,0,1,0,1,0,1,0,1,0,1,0,0,0,1,0
0,56,54,2959,1,1,0,0,1,0,0,0,0,0,0,0,0,1,0,1,0,1,0,1,1,0,1,0,0,0,0
1,5,81,371,0,1,0,1,0,1,1,0,0,0,0,1,0,0,0,0,0,0,0,0,0,0,1,0,1,0,1
0,72,86,6058,0,1,0,1,0,1,0,0,0,1,0,1,0,0,0,1,0,1,0,1,0,1,1,0,0,0,0
0,9,45,416,0,0,0,1,0,0,0,0,0,0,0,0,0,0,0,0,0,0,0,0,0,0,0,0,1,0,0
0,66,115,7942,1,1,0,1,0,1,1,0,0,1,0,1,0,1,0,1,0,1,0,1,1,0,0,0,0,0,0
0,28,96,2684,1,1,0,1,0,1,1,0,0,0,0,1,0,1,0,0,0,1,0,0,0,0,0,1,0,0,0
0,56,88,4968,0,1,1,1,0,0,1,0,0,0,0,0,0,0,0,0,0,1,0,1,1,0,0,0,0,0,0
0,1,45,45,1,0,0,1,0,0,0,0,0,0,0,0,0,0,0,0,0,0,0,0,0,0,1,0,0,1,1
1,24,102,2496,1,0,0,1,0,1,1,0,0,0,0,1,0,1,0,0,0,1,0,1,0,0,1,1,0,0,1
0,51,20,1020,0,0,0,1,0,0,0,1,1,0,1,0,1,0,1,0,1,0,1,0,0,1,0,0,0,0,0
0,4,61,229,1,1,1,1,0,0,0,0,0,0,0,0,0,0,0,1,0,0,0,1,0,0,0,1,0,0,0
0,23,59,1414,1,1,1,1,0,1,0,0,0,0,0,1,0,0,0,1,0,0,0,0,0,1,0,0,0,1,0
0,30,86,2538,0,1,1,1,0,0,1,0,0,0,0,0,0,1,0,0,0,0,0,1,1,0,0,0,1,0,0
0,61,20,1252,1,1,0,1,0,0,0,1,1,0,1,0,1,0,1,0,1,0,1,0,1,0,1,1,0,0,0
0,31,20,689,0,0,0,1,0,0,0,1,1,0,1,0,1,0,1,0,1,0,1,0,0,1,0,1,0,0,0
0,1,69,69,1,0,0,1,0,0,1,0,0,0,0,0,0,0,0,0,0,0,0,0,0,0,1,0,1,0,1
0,4,20,76,0,1,1,1,0,0,0,1,1,0,1,0,1,0,1,0,1,0,1,0,0,0,0,0,0,1,0
0,14,76,1117,1,0,0,1,0,0,1,0,0,0,0,0,0,1,0,0,0,0,0,0,0,0,0,0,1,0,0
0,50,104,5232,0,1,0,1,0,1,1,0,0,1,0,0,0,1,0,0,0,1,0,1,1,0,1,0,0,1,0
0,6,69,435,1,0,0,1,0,0,1,0,0,0,0,0,0,0,0,0,0,0,0,0,0,0,1,0,1,0,1
0,15,85,1269,0,0,1,1,0,0,1,0,0,0,0,1,0,0,0,0,0,0,0,1,0,0,1,0,0,0,0
0,54,70,3715,0,1,0,1,0,1,0,0,0,0,0,0,0,0,0,0,0,1,0,1,1,0,1,1,0,0,0
1,52,110,5832,1,0,0,1,0,1,1,0,0,0,0,1,0,1,0,1,0,1,0,1,0,0,1,0,1,0,0
0,30,100,2983,0,0,0,1,0,1,1,0,0,0,0,1,0,0,0,0,0,1,0,1,0,0,1,0,1,0,1
0,3,50,168,1,1,1,1,0,0,0,0,0,0,0,0,0,1,0,0,0,0,0,0,0,0,1,0,1,0,1
0,31,54,1647,1,1,1,1,0,0,0,0,0,0,0,0,0,1,0,1,0,0,0,0,0,0,0,0,0,1,0
1,58,45,2651,1,1,0,0,1,0,0,0,0,0,0,1,0,1,0,0,0,0,0,1,0,0,1,0,1,0,0
0,72,60,4264,0,1,1,0,1,0,0,0,0,0,0,1,0,1,0,1,0,1,0,1,0,1,1,0,1,0,0
0,15,51,765,1,0,0,1,0,1,0,0,0,0,0,0,0,0,0,0,0,0,0,0,0,0,0,0,1,0,0
0,14,55,795,0,0,0,1,0,0,0,0,0,1,0,0,0,0,0,1,0,0,0,0,1,0,0,0,0,1,0
1,1,74,74,0,0,0,1,0,1,1,0,0,0,0,0,0,0,0,0,0,0,0,0,0,0,1,0,0,1,1
0,60,23,1506,1,1,1,1,0,1,0,1,1,0,1,0,1,0,1,0,1,0,1,0,1,0,0,1,0,0,0
0,21,19,350,1,1,1,1,0,0,0,1,1,0,1,0,1,0,1,0,1,0,1,0,1,0,0,0,0,1,0
1,33,100,3270,1,1,0,1,0,1,1,0,0,0,0,1,0,0,0,0,0,1,0,1,0,0,1,0,0,0,1
0,65,89,5769,1,1,0,1,0,1,1,0,0,1,0,1,0,1,0,0,0,0,0,0,1,0,0,0,1,0,0
1,67,60,4119,1,1,0,1,0,0,0,0,0,1,0,1,0,0,0,1,0,0,0,0,1,0,1,0,0,0,0
1,9,84,762,0,0,0,1,0,1,1,0,0,0,0,0,0,0,0,0,0,0,0,1,0,0,1,0,1,0,1
1,28,51,1381,1,1,1,1,0,1,0,0,0,0,0,0,0,0,0,0,0,0,0,0,1,0,1,0,1,0,0
0,32,98,3089,0,1,1,1,0,1,1,0,0,0,0,1,0,0,0,0,0,1,0,1,0,0,1,0,1,0,1
0,68,103,7074,1,1,1,1,0,0,1,0,0,1,0,1,0,1,0,0,0,1,0,1,0,1,1,1,0,0,0
0,26,90,2312,0,1,0,1,0,1,0,0,0,1,0,1,0,1,0,1,0,1,0,1,1,0,1,1,0,0,0
0,3,44,134,0,1,1,1,0,0,0,0,0,0,0,0,0,0,0,0,0,0,0,0,0,0,0,0,0,1,0
0,69,26,1796,1,1,1,1,0,1,0,1,1,0,1,0,1,0,1,0,1,0,1,0,0,1,1,0,0,0,0
0,36,95,3440,1,1,0,1,0,1,1,0,0,0,0,0,0,0,0,0,0,1,0,1,0,0,1,0,0,0,0
0,52,63,3342,1,0,0,1,0,0,0,0,0,1,0,1,0,0,0,0,0,1,0,0,0,1,1,1,0,0,0
1,34,64,2106,0,1,0,1,0,0,0,0,0,0,0,0,0,1,0,1,0,1,0,0,1,0,0,0,0,0,0
0,50,108,5610,0,1,0,1,0,1,1,0,0,1,0,1,0,0,0,1,0,1,0,1,1,0,0,0,1,0,0
1,30,74,2181,1,1,0,1,0,1,0,0,0,0,0,0,0,1,0,0,0,1,0,1,0,1,0,0,1,0,0
0,69,25,1673,0,1,1,1,0,1,0,1,1,0,1,0,1,0,1,0,1,0,1,0,0,1,1,0,0,0,0
0,4,91,365,0,1,0,1,0,1,1,0,0,0,0,1,0,0,0,0,0,1,0,0,0,0,1,0,1,0,1
0,67,84,5598,0,1,1,1,0,0,1,0,0,1,0,1,0,1,0,0,0,0,0,0,1,0,0,0,0,0,0
0,14,71,914,0,0,0,1,0,0,1,0,0,0,0,0,0,0,0,0,0,0,0,0,0,0,1,1,0,0,0
0,53,20,1021,0,1,0,1,0,0,0,1,1,0,1,0,1,0,1,0,1,0,1,0,1,0,0,0,0,0,0
1,72,109,7932,1,1,0,1,0,1,1,0,0,0,0,1,0,1,0,1,0,1,0,1,0,1,1,0,0,0,0
0,46,19,907,1,0,0,1,0,0,0,1,1,0,1,0,1,0,1,0,1,0,1,0,0,1,0,0,1,0,0
0,71,19,1326,0,1,1,1,0,0,0,1,1,0,1,0,1,0,1,0,1,0,1,0,0,1,0,0,0,0,0
0,22,78,1600,1,0,0,1,0,1,1,0,0,0,0,1,0,0,0,0,0,0,0,0,0,0,1,0,0,1,0
0,17,78,1348,0,1,0,1,0,1,1,0,0,1,0,0,0,0,0,0,0,0,0,0,0,0,0,0,1,0,0
1,32,96,3019,1,0,0,1,0,1,1,0,0,0,0,0,0,0,0,0,0,1,0,1,0,0,1,1,0,0,0
0,9,69,651,0,0,0,1,0,0,1,0,0,0,0,0,0,0,0,0,0,0,0,0,0,0,0,0,1,0,0
0,23,24,615,0,0,0,1,0,1,0,1,1,0,1,0,1,0,1,0,1,0,1,0,1,0,0,1,0,0,0
0,47,73,3522,1,1,0,1,0,0,0,0,0,0,0,1,0,1,0,0,0,1,0,1,0,1,0,0,1,0,0
0,60,80,4946,0,1,1,1,0,0,0,0,0,0,0,1,0,1,0,1,0,1,0,1,0,1,1,0,0,0,0
0,50,39,2021,1,1,1,0,1,0,0,0,0,1,0,0,0,0,0,0,0,1,0,0,0,0,1,1,0,0,0
1,66,105,6975,0,1,0,1,0,1,1,0,0,0,0,0,0,1,0,1,0,1,0,1,1,0,1,1,0,0,0
1,54,110,6077,1,1,0,1,0,1,1,0,0,0,0,1,0,1,0,1,0,1,0,1,0,1,1,0,1,0,0
0,72,24,1734,1,1,1,1,0,1,0,1,1,0,1,0,1,0,1,0,1,0,1,0,0,1,0,1,0,0,0
0,1,79,79,0,0,1,1,0,0,1,0,0,0,0,0,0,0,0,0,0,1,0,0,0,0,1,0,1,0,1
0,1,44,44,0,0,0,1,0,0,0,0,0,0,0,0,0,0,0,0,0,0,0,0,0,0,0,0,0,0,1
0,16,68,1114,0,1,1,1,0,0,0,0,0,1,0,1,0,0,0,1,0,0,0,1,0,1,0,0,0,0,0
0,34,65,2157,0,0,0,1,0,1,0,0,0,0,0,0,0,0,0,1,0,1,0,0,0,0,0,0,0,1,0
0,3,83,247,0,0,0,1,0,0,1,0,0,0,0,1,0,0,0,0,0,1,0,0,0,0,0,0,1,0,1
0,12,78,927,0,0,0,1,0,1,1,0,0,1,0,0,0,0,0,0,0,0,0,0,0,0,1,0,1,0,0
1,5,74,334,0,1,0,1,0,1,1,0,0,0,0,0,0,0,0,0,0,0,0,0,0,0,1,0,1,0,1
0,1,50,50,1,0,0,1,0,0,0,0,0,0,0,1,0,0,0,0,0,0,0,0,0,0,0,0,0,1,0
1,59,50,2997,1,1,0,0,1,0,0,0,0,0,0,1,0,0,0,0,0,1,0,1,0,0,1,0,1,0,0
0,26,80,2088,1,0,0,1,0,1,1,0,0,0,0,0,0,0,0,1,0,0,0,0,0,0,1,0,1,0,0
0,1,20,20,0,1,0,1,0,0,0,1,1,0,1,0,1,0,1,0,1,0,1,0,0,0,1,0,0,0,0
0,71,104,7288,1,1,1,1,0,0,1,0,0,1,0,1,0,1,0,0,0,1,0,1,1,0,1,0,0,0,0
0,63,19,1177,1,1,1,1,0,0,0,1,1,0,1,0,1,0,1,0,1,0,1,0,0,1,1,0,0,1,0
0,18,20,357,0,1,1,1,0,0,0,1,1,0,1,0,1,0,1,0,1,0,1,0,0,0,0,0,0,1,0
0,14,86,1164,0,0,1,1,0,1,1,0,0,1,0,0,0,0,0,1,0,0,0,0,0,0,1,0,0,1,0
0,64,92,5980,0,1,1,1,0,1,1,0,0,0,0,1,0,1,0,0,0,0,0,1,1,0,1,0,1,0,0
0,56,98,5270,0,1,0,1,0,1,1,0,0,1,0,0,0,0,0,0,0,1,0,1,1,0,1,0,1,0,0
0,26,39,1023,1,0,1,0,1,0,0,0,0,0,0,1,0,0,0,0,0,1,0,0,1,0,1,0,0,0,0
0,54,65,3512,1,0,0,1,0,0,0,0,0,1,0,1,0,0,0,0,0,1,0,0,0,1,1,0,0,0,0
0,3,55,154,1,1,0,1,0,0,0,0,0,0,0,0,0,1,0,1,0,0,0,0,0,0,1,0,0,1,0
0,2,34,62,0,0,0,0,1,0,0,0,0,0,0,0,0,0,0,0,0,0,0,1,0,0,1,0,1,0,1
0,40,78,3126,0,1,0,1,0,1,1,0,0,0,0,0,0,0,0,1,0,0,0,0,0,0,1,1,0,0,0
0,28,90,2598,0,1,1,1,0,0,1,0,0,0,0,0,0,0,0,0,0,1,0,1,1,0,1,0,0,0,0
0,22,104,2180,1,1,0,1,0,0,1,0,0,1,0,1,0,0,0,1,0,1,0,1,0,0,1,0,1,0,0
0,69,23,1713,1,0,0,1,0,1,0,1,1,0,1,0,1,0,1,0,1,0,1,0,0,1,0,0,0,0,0
0,27,49,1336,0,1,1,1,0,0,0,0,0,0,0,1,0,0,0,0,0,0,0,0,0,0,0,0,0,1,0
0,71,66,4689,0,1,0,0,1,0,0,0,0,1,0,1,0,1,0,1,0,1,0,1,1,0,0,0,0,0,0
0,62,70,4263,0,1,1,1,0,0,0,0,0,1,0,0,0,1,0,1,0,1,0,0,1,0,1,0,0,0,0
0,1,19,19,1,0,1,1,0,0,0,1,1,0,1,0,1,0,1,0,1,0,1,0,0,0,1,0,0,1,0
0,37,19,726,1,1,1,1,0,0,0,1,1,0,1,0,1,0,1,0,1,0,1,0,0,1,0,0,0,0,0
0,49,56,2780,0,1,0,0,1,0,0,0,0,0,0,1,0,0,0,1,0,1,0,1,1,0,1,1,0,0,0
1,41,53,2215,1,1,0,0,1,0,0,0,0,0,0,1,0,1,0,0,0,1,0,1,0,0,1,0,1,0,0
0,63,108,6780,0,0,0,1,0,1,1,0,0,1,0,1,0,1,0,0,0,1,0,1,0,0,0,1,0,0,0
0,17,88,1460,0,1,1,1,0,1,1,0,0,0,0,0,0,1,0,0,0,1,0,0,0,0,0,0,1,0,1
0,1,19,19,1,0,1,1,0,0,0,1,1,0,1,0,1,0,1,0,1,0,1,0,0,0,1,0,0,1,0
1,55,98,5617,1,0,0,1,0,1,1,0,0,1,0,0,0,0,0,0,0,1,0,1,0,0,1,0,1,0,0
0,22,69,1554,0,1,0,1,0,0,1,0,0,0,0,0,0,0,0,0,0,0,0,0,0,0,1,0,1,0,0
0,15,45,693,0,0,0,0,1,0,0,0,0,1,0,1,0,1,0,1,0,0,0,0,1,0,0,0,0,1,0
0,35,19,617,0,0,0,1,0,0,0,1,1,0,1,0,1,0,1,0,1,0,1,0,0,0,0,0,0,0,0
0,1,20,20,1,0,0,1,0,0,0,1,1,0,1,0,1,0,1,0,1,0,1,0,0,0,1,0,0,1,0
0,69,35,2492,1,0,0,0,1,0,0,0,0,0,0,1,0,1,0,0,0,0,0,0,1,0,1,0,0,0,0
0,63,81,5029,0,1,0,1,0,1,1,0,0,0,0,1,0,0,0,0,0,0,0,0,0,0,1,0,0,0,0
0,58,94,5610,0,1,0,1,0,1,1,0,0,0,0,1,0,1,0,0,0,0,0,1,1,0,1,0,1,0,0
0,66,25,1699,1,0,0,1,0,1,0,1,1,0,1,0,1,0,1,0,1,0,1,0,1,0,0,0,0,0,0
0,43,99,4209,0,1,1,1,0,1,1,0,0,0,0,0,0,1,0,0,0,1,0,1,0,0,1,0,0,0,0
0,26,38,1025,0,1,1,0,1,0,0,0,0,1,0,1,0,0,0,1,0,0,0,0,0,0,0,1,0,0,0
0,56,103,5873,1,1,1,1,0,1,1,0,0,0,0,0,0,1,0,1,0,1,0,1,0,1,1,0,1,0,0
1,68,95,6503,1,0,0,1,0,1,1,0,0,0,0,1,0,1,0,0,0,0,0,1,0,0,1,0,1,0,0
0,18,55,1082,0,1,1,1,0,0,0,0,0,0,0,0,0,0,0,0,0,1,0,0,0,0,0,0,0,1,0
0,34,62,2274,0,1,0,1,0,1,0,0,0,1,0,1,0,0,0,1,0,0,0,0,0,0,0,0,1,0,0
1,38,24,955,1,1,0,0,1,0,0,0,0,0,0,0,0,0,0,0,0,0,0,0,0,0,1,0,1,0,0
0,2,59,130,1,1,1,1,0,0,0,0,0,1,0,1,0,0,0,1,0,0,0,0,0,1,0,0,0,1,0
0,20,39,825,1,1,1,0,1,0,0,0,0,1,0,0,0,1,0,1,0,0,0,0,0,1,1,1,0,0,0
0,64,70,4480,1,1,0,1,0,1,0,0,0,0,0,1,0,0,0,1,0,0,0,1,1,0,1,0,0,1,0
1,56,94,5264,1,0,1,1,0,0,1,0,0,1,0,0,0,0,0,0,0,1,0,1,1,0,0,1,0,0,0
0,68,20,1424,0,0,0,1,0,0,0,1,1,0,1,0,1,0,1,0,1,0,1,0,0,1,0,1,0,0,0
0,17,102,1742,1,1,0,1,0,1,1,0,0,0,0,1,0,1,0,0,0,1,0,1,0,0,1,0,1,0,1
0,46,19,862,1,1,1,1,0,0,0,1,1,0,1,0,1,0,1,0,1,0,1,0,0,1,0,1,0,0,0
1,28,106,3152,0,0,0,1,0,1,1,0,0,0,0,1,0,1,0,0,0,1,0,1,0,0,1,0,1,0,1
0,2,56,113,1,1,1,1,0,1,0,0,0,1,0,0,0,0,0,0,0,0,0,0,0,0,0,0,0,1,0
0,65,109,6941,1,0,0,1,0,1,1,0,0,0,0,1,0,1,0,1,0,1,0,1,0,0,1,0,1,0,0
0,17,89,1539,1,1,1,1,0,0,1,0,0,1,0,0,0,1,0,0,0,1,0,0,0,0,1,0,1,0,0
1,51,94,4905,1,0,0,1,0,0,1,0,0,0,0,0,0,1,0,0,0,1,0,1,1,0,1,0,0,0,0
0,60,89,5450,1,0,0,1,0,1,1,0,0,0,0,1,0,0,0,0,0,1,0,0,0,0,1,0,0,0,0
0,16,73,1284,1,1,0,1,0,1,1,0,0,0,0,0,0,0,0,0,0,0,0,0,0,0,1,0,0,0,0
1,24,78,1772,1,1,0,1,0,1,1,0,0,1,0,0,0,0,0,0,0,0,0,0,0,0,1,0,1,0,0
0,1,55,55,1,0,0,1,0,0,0,0,0,0,0,0,0,0,0,0,0,0,0,1,0,0,1,0,0,1,1
0,71,77,5550,0,0,0,1,0,0,0,0,0,1,0,1,0,1,0,1,0,1,0,0,0,1,0,1,0,0,0
0,53,104,5566,0,1,1,1,0,1,1,0,0,1,0,1,0,1,0,1,0,0,0,1,0,1,1,0,0,0,0
0,18,60,1156,0,0,0,1,0,1,0,0,0,1,0,0,0,1,0,0,0,0,0,0,0,0,1,0,0,1,0
0,67,106,7244,0,0,1,1,0,1,1,0,0,0,0,1,0,0,0,1,0,1,0,1,1,0,1,0,0,0,0
1,4,94,424,0,0,0,1,0,1,1,0,0,0,0,0,0,0,0,0,0,1,0,1,0,0,1,0,1,0,1
0,10,29,255,1,0,0,0,1,0,0,0,0,0,0,0,0,1,0,0,0,0,0,0,0,0,0,0,0,1,0
0,43,24,1077,1,1,1,1,0,1,0,1,1,0,1,0,1,0,1,0,1,0,1,0,0,1,0,0,0,1,0
0,43,80,3398,0,1,0,1,0,1,1,0,0,0,0,1,0,0,0,0,0,0,0,0,0,0,0,0,1,0,0
0,60,53,3237,0,0,0,0,1,0,0,0,0,1,0,0,0,1,0,0,0,1,0,1,0,1,0,0,1,0,0
0,1,75,75,1,0,0,1,0,0,1,0,0,0,0,0,0,0,0,1,0,0,0,0,0,0,1,0,1,0,1
0,7,90,593,1,0,0,1,0,1,1,0,0,0,0,0,0,1,0,0,0,1,0,0,0,0,1,0,1,0,1
0,21,90,1862,0,0,0,1,0,0,1,0,0,0,0,1,0,1,0,0,0,0,0,1,0,0,1,0,1,0,0
1,1,50,50,1,0,1,1,0,0,0,0,0,0,0,0,0,1,0,0,0,0,0,0,0,0,1,0,0,1,1
0,5,74,383,1,0,0,1,0,0,1,0,0,0,0,1,0,0,0,0,0,0,0,0,0,0,1,0,1,0,1
0,36,92,3379,0,1,1,1,0,1,0,0,0,1,0,1,0,1,0,1,0,1,0,1,0,1,1,1,0,0,0
1,53,60,3229,1,1,0,1,0,1,0,0,0,1,0,0,0,0,0,1,0,0,0,0,1,0,1,0,1,0,0
1,1,74,74,0,1,0,1,0,1,1,0,0,0,0,0,0,0,0,0,0,0,0,0,0,0,1,0,1,0,1
0,53,94,5042,0,0,0,1,0,0,1,0,0,0,0,1,0,1,0,1,0,0,0,1,1,0,1,1,0,0,0
0,50,75,3876,0,1,0,1,0,1,0,0,0,0,0,0,0,1,0,0,0,1,0,1,1,0,0,0,0,0,0
0,66,104,6890,1,1,0,1,0,1,1,0,0,0,0,1,0,0,0,1,0,1,0,1,1,0,1,0,1,0,0
0,54,59,3246,0,1,1,1,0,1,0,0,0,0,0,1,0,1,0,0,0,0,0,0,0,1,1,0,0,0,0
0,28,19,543,0,1,1,1,0,0,0,1,1,0,1,0,1,0,1,0,1,0,1,0,0,0,1,0,0,0,0
0,4,45,196,0,0,0,1,0,0,0,0,0,0,0,0,0,0,0,0,0,0,0,0,0,0,1,0,0,1,0
0,41,114,4527,0,0,0,1,0,1,1,0,0,1,0,1,0,1,0,1,0,1,0,1,0,0,1,0,0,0,0
0,30,66,1923,0,1,1,1,0,0,0,0,0,1,0,0,0,0,0,1,0,0,0,1,0,0,0,0,0,0,0
1,1,25,25,0,0,0,0,1,0,0,0,0,0,0,0,0,0,0,0,0,0,0,0,0,0,1,0,1,0,1
0,54,109,6118,1,1,0,1,0,1,1,0,0,1,0,1,0,1,0,0,0,1,0,1,0,0,0,0,1,0,0
0,8,19,125,1,1,1,1,0,0,0,1,1,0,1,0,1,0,1,0,1,0,1,0,0,1,0,1,0,0,0
1,55,113,6292,1,1,0,1,0,1,1,0,0,0,0,1,0,1,0,1,0,1,0,1,0,1,1,0,1,0,0
0,63,19,1215,0,0,1,1,0,0,0,1,1,0,1,0,1,0,1,0,1,0,1,0,0,1,0,1,0,0,0
0,68,79,5461,1,0,0,1,0,0,1,0,0,0,0,1,0,1,0,0,0,0,0,0,1,0,0,1,0,0,0
0,2,71,135,0,1,1,1,0,0,1,0,0,0,0,0,0,0,0,0,0,0,0,0,0,0,1,0,1,0,1
0,6,20,116,1,0,0,1,0,0,0,1,1,0,1,0,1,0,1,0,1,0,1,0,1,0,0,0,0,1,0
0,13,75,999,0,0,0,1,0,1,1,0,0,0,0,0,0,0,0,0,0,0,0,0,0,0,1,0,0,1,0
0,72,75,5336,1,0,0,1,0,0,0,0,0,1,0,1,0,1,0,1,0,1,0,0,0,1,1,0,0,0,0
0,17,96,1588,1,1,0,1,0,0,1,0,0,0,0,0,0,1,0,0,0,1,0,1,1,0,1,0,0,0,0
1,15,74,1074,1,0,0,1,0,0,1,0,0,0,0,1,0,0,0,0,0,0,0,0,0,0,1,0,1,0,1
1,65,95,6223,0,0,0,1,0,1,1,0,0,0,0,1,0,1,0,0,0,1,0,0,0,0,1,0,0,0,0
0,58,20,1131,1,0,0,1,0,0,0,1,1,0,1,0,1,0,1,0,1,0,1,0,0,1,0,1,0,0,0
1,68,84,5683,1,1,1,1,0,1,1,0,0,0,0,1,0,1,0,0,0,0,0,0,0,0,1,0,1,0,0
0,66,58,3810,0,1,1,1,0,0,0,0,0,1,0,1,0,0,0,1,0,0,0,0,0,1,1,1,0,0,0
1,70,90,6470,0,1,0,1,0,1,1,0,0,1,0,0,0,0,0,0,0,0,0,1,0,0,1,0,1,0,0
0,19,39,710,0,0,0,0,1,0,0,0,0,0,0,1,0,0,0,0,0,0,0,1,0,0,1,0,1,0,0
0,17,54,934,1,1,0,0,1,0,0,0,0,0,0,0,0,1,0,1,0,1,0,1,1,0,0,0,1,0,0
0,22,100,2095,1,0,0,1,0,1,1,0,0,1,0,0,0,0,0,0,0,1,0,1,0,0,1,0,1,0,1
1,48,99,4744,1,0,0,1,0,1,1,0,0,0,0,1,0,0,0,0,0,1,0,1,1,0,1,0,1,0,0
0,63,90,5825,1,0,0,1,0,1,1,0,0,0,0,1,0,0,0,0,0,0,0,1,1,0,0,1,0,0,0
0,67,93,6368,1,1,0,1,0,1,1,0,0,0,0,1,0,1,0,0,0,0,0,1,0,1,1,0,1,0,0
1,67,107,7142,0,1,0,1,0,1,1,0,0,1,0,0,0,1,0,0,0,1,0,1,1,0,1,1,0,0,0
0,67,25,1733,0,1,0,1,0,1,0,1,1,0,1,0,1,0,1,0,1,0,1,0,0,1,1,1,0,0,0
0,4,100,399,0,0,0,1,0,1,1,0,0,0,0,0,0,0,0,1,0,1,0,1,0,0,1,0,0,1,1
0,40,70,2921,1,1,0,1,0,1,0,0,0,0,0,1,0,0,0,1,0,1,0,0,1,0,0,1,0,0,0
0,5,104,541,1,0,0,1,0,1,1,0,0,0,0,1,0,1,0,0,0,1,0,1,0,0,0,0,0,1,1
0,30,89,2723,1,0,0,1,0,1,1,0,0,0,0,0,0,0,0,1,0,0,0,1,0,0,1,1,0,0,0
0,70,115,8127,0,0,0,1,0,1,1,0,0,1,0,1,0,1,0,1,0,1,0,1,1,0,0,1,0,0,0
0,72,24,1859,0,1,1,1,0,1,0,1,1,0,1,0,1,0,1,0,1,0,1,0,0,1,0,0,0,1,0
0,1,48,48,0,0,0,1,0,0,0,0,0,0,0,1,0,0,0,0,0,0,0,0,0,0,1,0,1,0,1
0,1,88,88,1,0,0,1,0,0,1,0,0,0,0,0,0,0,0,0,0,1,0,1,0,0,1,0,1,0,1
1,59,79,4590,0,0,0,1,0,1,1,0,0,0,0,1,0,0,0,0,0,0,0,0,0,1,1,1,0,0,0
0,68,83,5685,0,1,1,1,0,1,1,0,0,0,0,0,0,0,0,0,0,1,0,0,1,0,1,0,1,0,0
0,53,106,5769,0,1,0,1,0,0,1,0,0,1,0,1,0,1,0,0,0,1,0,1,1,0,1,0,0,0,0
1,8,74,600,0,0,0,1,0,0,1,0,0,0,0,0,0,1,0,0,0,0,0,0,0,0,1,0,0,0,1
0,7,78,571,0,0,0,1,0,0,0,0,0,1,0,1,0,0,0,1,0,1,0,1,0,0,1,0,1,0,0
0,2,19,61,0,0,0,1,0,0,0,1,1,0,1,0,1,0,1,0,1,0,1,0,0,0,0,0,0,1,0
0,47,19,942,1,1,0,1,0,0,0,1,1,0,1,0,1,0,1,0,1,0,1,0,1,0,0,0,0,0,0
0,2,90,190,0,1,0,1,0,0,1,0,0,1,0,1,0,0,0,0,0,1,0,0,0,0,0,0,1,0,0
0,51,80,4116,0,1,1,1,0,1,1,0,0,0,0,0,0,0,0,1,0,0,0,0,0,0,1,0,1,0,0
0,18,68,1299,1,0,0,1,0,0,0,0,0,1,0,0,0,1,0,1,0,1,0,0,0,0,1,0,1,0,0
0,33,20,689,1,0,0,1,0,0,0,1,1,0,1,0,1,0,1,0,1,0,1,0,0,1,0,0,0,1,0
0,60,25,1505,0,0,0,1,0,1,0,1,1,0,1,0,1,0,1,0,1,0,1,0,0,1,0,0,0,1,0
0,72,114,8496,0,0,0,1,0,1,1,0,0,1,0,1,0,1,0,1,0,1,0,1,0,1,1,0,1,0,0
0,1,48,48,0,0,0,1,0,0,0,0,0,1,0,0,0,0,0,0,0,0,0,0,0,0,1,0,0,0,1
0,48,26,1245,1,1,1,1,0,1,0,1,1,0,1,0,1,0,1,0,1,0,1,0,0,1,0,0,0,0,0
0,7,34,279,1,1,1,0,1,0,0,0,0,1,0,0,0,0,0,1,0,0,0,0,0,0,1,0,1,0,0
0,53,24,1279,1,0,0,1,0,1,0,1,1,0,1,0,1,0,1,0,1,0,1,0,0,1,0,0,0,1,0
1,46,59,2816,1,1,0,0,1,0,0,0,0,0,0,1,0,1,0,1,0,1,0,1,1,0,1,0,0,0,0
0,11,54,617,0,0,0,1,0,0,0,0,0,1,0,0,0,0,0,1,0,0,0,0,1,0,1,0,0,1,0
1,2,95,181,1,1,0,1,0,0,1,0,0,0,0,0,0,1,0,0,0,1,0,1,0,0,1,1,0,0,1
0,58,110,6526,0,1,0,1,0,1,1,0,0,1,0,1,0,1,0,0,0,1,0,1,1,0,1,1,0,0,0
0,2,19,38,0,0,0,1,0,0,0,1,1,0,1,0,1,0,1,0,1,0,1,0,0,0,0,0,0,1,0
0,70,59,4144,1,1,1,0,1,0,0,0,0,1,0,0,0,1,0,1,0,1,0,1,0,1,0,0,0,0,0
0,7,69,477,0,1,1,1,0,0,0,0,0,1,0,1,0,1,0,0,0,1,0,0,1,0,0,0,1,0,0
0,72,114,8086,1,1,0,1,0,1,1,0,0,1,0,1,0,1,0,1,0,1,0,1,0,1,1,1,0,0,0
0,56,89,4952,1,1,0,1,0,0,1,0,0,0,0,0,0,0,0,0,0,1,0,1,0,0,0,0,0,1,0
0,72,94,6849,0,1,0,1,0,1,1,0,0,1,0,1,0,1,0,1,0,0,0,0,0,1,1,0,0,0,0
0,42,78,3373,0,0,0,1,0,1,0,0,0,0,0,0,0,1,0,1,0,1,0,1,0,1,1,1,0,0,0
1,43,108,4600,0,0,0,1,0,0,1,0,0,1,0,1,0,0,0,1,0,1,0,1,0,0,1,1,0,0,0
0,18,20,358,1,0,0,1,0,0,0,1,1,0,1,0,1,0,1,0,1,0,1,0,0,0,0,0,0,1,0
0,30,84,2438,1,0,0,1,0,0,1,0,0,1,0,1,0,1,0,0,0,0,0,0,0,0,1,1,0,0,0
0,25,55,1466,1,1,1,1,0,1,0,0,0,0,0,0,0,0,0,1,0,0,0,0,1,0,1,0,0,1,0
0,9,95,827,1,0,0,1,0,0,1,0,0,0,0,0,0,0,0,1,0,1,0,1,0,0,1,0,0,0,1
0,71,106,7382,1,0,1,1,0,1,1,0,0,1,0,0,0,1,0,0,0,1,0,1,0,1,0,0,0,0,0
0,71,66,4748,1,1,1,1,0,1,0,0,0,1,0,1,0,0,0,1,0,0,0,0,1,0,1,1,0,0,0
0,71,84,6046,0,1,0,1,0,0,0,0,0,1,0,1,0,1,0,1,0,1,0,1,1,0,1,0,0,0,0
0,58,66,3970,0,1,1,1,0,1,0,0,0,0,0,1,0,0,0,0,0,1,0,0,0,0,1,0,0,0,0
0,61,25,1498,0,0,1,1,0,1,0,1,1,0,1,0,1,0,1,0,1,0,1,0,0,1,1,1,0,0,0
0,22,84,1821,0,0,0,1,0,1,1,0,0,0,0,0,0,0,0,0,0,1,0,0,0,0,1,0,0,0,0
0,20,49,939,1,1,1,1,0,0,0,0,0,0,0,0,0,1,0,0,0,0,0,0,0,0,1,0,1,0,0
0,26,20,595,1,0,0,1,0,0,0,1,1,0,1,0,1,0,1,0,1,0,1,0,1,0,1,1,0,0,0
0,30,83,2570,1,1,1,1,0,1,1,0,0,0,0,1,0,0,0,1,0,0,0,0,0,0,1,0,0,0,0
0,2,89,185,1,1,1,1,0,0,1,0,0,0,0,0,0,0,0,0,0,1,0,1,0,0,1,0,0,0,1
1,55,51,2838,0,1,0,1,0,1,0,0,0,0,0,0,0,0,0,0,0,0,0,0,0,0,0,0,0,0,0
0,69,60,4055,1,1,0,0,1,0,0,0,0,1,0,0,0,1,0,1,0,1,0,1,0,1,0,0,0,0,0
1,1,69,69,0,1,0,1,0,0,1,0,0,0,0,0,0,0,0,0,0,0,0,0,0,0,1,0,1,0,1
0,52,25,1270,0,1,1,1,0,1,0,1,1,0,1,0,1,0,1,0,1,0,1,0,0,1,1,0,0,0,0
0,3,97,315,0,0,0,1,0,0,1,0,0,0,0,1,0,0,0,1,0,1,0,1,0,0,1,0,1,0,1
0,43,19,776,1,1,1,1,0,0,0,1,1,0,1,0,1,0,1,0,1,0,1,0,1,0,1,0,0,1,0
1,17,100,1622,1,1,0,1,0,1,1,0,0,0,0,0,0,1,0,0,0,1,0,1,0,0,1,1,0,0,1
0,26,59,1507,1,0,0,1,0,0,0,0,0,0,0,0,0,0,0,1,0,1,0,0,1,0,0,1,0,0,0
0,9,89,853,0,1,0,1,0,0,1,0,0,0,0,0,0,0,0,0,0,1,0,1,0,0,0,0,1,0,1
0,45,89,4192,0,0,0,1,0,1,1,0,0,0,0,0,0,1,0,0,0,0,0,1,0,0,1,1,0,0,0
1,45,102,4735,0,0,0,1,0,1,1,0,0,0,0,0,0,1,0,0,0,1,0,1,1,0,1,0,0,0,0
0,33,59,1952,0,0,0,1,0,1,0,0,0,1,0,0,0,0,0,1,0,0,0,0,1,0,0,0,1,0,0
0,53,108,5718,0,1,0,1,0,1,1,0,0,0,0,1,0,1,0,1,0,1,0,1,1,0,1,0,0,0,0
1,65,103,6767,0,1,1,1,0,1,1,0,0,0,0,0,0,1,0,1,0,1,0,1,1,0,1,0,0,0,0
0,43,100,4211,1,0,0,1,0,1,1,0,0,0,0,0,0,0,0,1,0,1,0,1,1,0,1,0,1,0,0
0,10,67,653,0,1,0,1,0,0,0,0,0,0,0,0,0,1,0,0,0,1,0,1,0,0,1,1,0,0,0
0,52,20,1071,1,1,1,1,0,0,0,1,1,0,1,0,1,0,1,0,1,0,1,0,1,0,1,1,0,0,0
0,11,53,608,1,0,0,1,0,1,0,0,0,0,0,0,0,1,0,0,0,0,0,0,0,0,0,0,1,0,0
1,27,85,2287,0,0,0,1,0,1,1,0,0,0,0,0,0,0,0,0,0,0,0,1,0,0,1,0,1,0,1
0,24,90,2238,1,0,0,1,0,0,1,0,0,0,0,0,0,0,0,0,0,1,0,1,0,0,1,0,1,0,0
0,1,79,79,1,0,0,1,0,0,1,0,0,0,0,0,0,0,0,0,0,0,0,1,0,0,1,0,1,0,1
0,65,111,7107,0,0,0,1,0,1,1,0,0,1,0,1,0,1,0,0,0,1,0,1,0,0,1,1,0,0,0
0,1,75,75,0,0,0,1,0,0,1,0,0,0,0,0,0,1,0,0,0,0,0,0,0,0,0,0,1,0,1
0,68,118,7990,0,1,0,1,0,1,1,0,0,1,0,1,0,1,0,1,0,1,0,1,0,1,0,0,0,1,0
1,15,96,1392,1,1,0,1,0,1,1,0,0,1,0,0,0,1,0,0,0,1,0,0,0,0,1,0,1,0,1
0,36,65,2498,1,0,0,1,0,0,0,0,0,0,0,1,0,0,0,1,0,0,0,1,1,0,1,0,0,1,0
0,4,44,220,1,0,0,1,0,0,0,0,0,0,0,0,0,0,0,0,0,0,0,0,0,0,0,0,0,1,0
0,46,94,4408,0,0,0,1,0,1,1,0,0,0,0,1,0,1,0,0,0,0,0,1,1,0,1,0,1,0,0
0,18,49,878,1,1,0,1,0,0,0,0,0,0,0,0,0,1,0,0,0,0,0,0,0,0,1,0,0,1,0
1,35,76,2747,1,1,1,1,0,0,0,0,0,0,0,1,0,0,0,1,0,1,0,1,0,0,1,0,1,0,0
0,47,19,890,0,1,1,1,0,0,0,1,1,0,1,0,1,0,1,0,1,0,1,0,0,1,0,0,0,0,0
0,42,92,3875,0,1,1,1,0,0,1,0,0,0,0,0,0,1,0,0,0,1,0,1,0,0,1,0,1,0,0
0,1,19,19,0,0,0,1,0,0,0,1,1,0,1,0,1,0,1,0,1,0,1,0,0,0,0,0,0,1,0
0,61,86,5175,0,0,0,1,0,1,0,0,0,1,0,0,0,1,0,1,0,1,0,1,0,1,0,1,0,0,0
0,72,73,5265,0,0,0,1,0,0,0,0,0,1,0,1,0,1,0,1,0,0,0,1,0,1,1,1,0,0,0
0,15,20,330,0,1,0,1,0,0,0,1,1,0,1,0,1,0,1,0,1,0,1,0,0,0,0,1,0,0,0
0,4,74,299,1,0,0,1,0,0,0,0,0,0,0,0,0,1,0,1,0,1,0,1,0,0,1,0,1,0,0
0,11,20,211,0,0,0,1,0,0,0,1,1,0,1,0,1,0,1,0,1,0,1,0,1,0,0,0,0,1,0
0,18,71,1247,0,0,0,1,0,0,1,0,0,0,0,0,0,0,0,0,0,0,0,0,0,0,1,0,1,0,0
0,62,101,6164,0,1,0,1,0,1,1,0,0,0,0,0,0,1,0,0,0,1,0,1,0,0,1,0,1,0,0
0,2,70,154,0,1,0,1,0,0,1,0,0,0,0,0,0,0,0,0,0,0,0,0,0,0,1,1,0,0,1
1,25,88,2191,0,1,0,1,0,0,1,0,0,0,0,1,0,1,0,0,0,0,0,1,0,0,0,0,0,0,0
0,15,99,1566,1,0,0,1,0,1,1,0,0,1,0,0,0,0,0,0,0,1,0,1,0,0,1,0,1,0,1
0,72,88,6201,1,0,0,1,0,1,0,0,0,0,0,1,0,1,0,1,0,1,0,1,0,1,1,0,0,0,0
0,21,65,1424,1,0,0,1,0,0,0,0,0,1,0,0,0,1,0,0,0,1,0,0,0,0,0,0,0,0,0
0,69,24,1641,0,1,0,1,0,1,0,1,1,0,1,0,1,0,1,0,1,0,1,0,0,1,0,0,0,0,0
0,48,100,4834,0,1,0,1,0,0,1,0,0,0,0,0,0,1,0,1,0,1,0,1,0,0,1,1,0,0,0
0,32,50,1653,1,1,1,0,1,0,0,0,0,0,0,0,0,1,0,0,0,1,0,1,0,0,0,1,0,0,0
0,7,69,516,1,1,1,1,0,0,0,0,0,1,0,0,0,0,0,0,0,1,0,1,0,0,0,1,0,0,0
0,57,74,4368,0,1,0,1,0,1,0,0,0,0,0,1,0,1,0,1,0,1,0,0,1,0,0,0,0,0,0
0,18,20,390,0,0,1,1,0,0,0,1,1,0,1,0,1,0,1,0,1,0,1,0,1,0,0,0,0,0,0
0,10,35,389,1,0,0,0,1,0,0,0,0,0,0,1,0,0,0,1,0,0,0,0,0,0,0,0,1,0,0
0,2,80,155,0,0,0,1,0,1,1,0,0,0,0,0,0,1,0,0,0,0,0,0,0,0,0,0,0,1,1
0,1,74,74,1,0,0,1,0,0,1,0,0,0,0,0,0,0,0,1,0,0,0,0,0,0,1,0,0,1,1
1,52,59,3103,0,0,0,1,0,1,0,0,0,1,0,0,0,1,0,0,0,0,0,0,0,1,0,0,0,0,0
0,11,90,987,0,0,0,1,0,1,1,0,0,0,0,0,0,0,0,1,0,1,0,0,0,0,0,0,1,0,1
0,58,59,3505,0,1,0,1,0,1,0,0,0,0,0,1,0,0,0,1,0,0,0,0,0,1,1,1,0,0,0
1,32,93,2931,0,1,0,1,0,1,1,0,0,0,0,0,0,0,0,0,0,1,0,1,0,0,1,0,1,0,1
0,3,69,235,0,1,1,1,0,1,0,0,0,0,0,1,0,1,0,0,0,1,0,0,0,0,1,0,0,0,0
0,66,105,7133,1,1,0,1,0,1,1,0,0,0,0,1,0,1,0,0,0,1,0,1,0,0,1,1,0,0,0
0,12,96,1148,1,0,0,1,0,1,1,0,0,0,0,0,0,0,0,0,0,1,0,1,0,0,1,0,1,0,1
0,19,39,733,1,0,0,0,1,0,0,0,0,0,0,0,0,1,0,0,0,1,0,0,0,0,1,0,1,0,0
0,69,95,6511,1,1,1,1,0,1,1,0,0,0,0,1,0,1,0,0,0,1,0,0,1,0,0,1,0,0,0
0,10,20,198,1,0,0,1,0,0,0,1,1,0,1,0,1,0,1,0,1,0,1,0,0,0,0,1,0,0,0
1,32,100,3217,0,1,1,1,0,1,1,0,0,0,0,1,0,0,0,0,0,1,0,1,0,0,1,0,1,0,1
0,10,45,402,1,0,0,1,0,0,0,0,0,0,0,0,0,0,0,0,0,0,0,0,0,0,1,0,1,0,0
0,64,76,4818,1,1,0,1,0,1,0,0,0,0,0,1,0,1,0,1,0,1,0,0,0,1,1,0,0,0,0
0,4,38,156,1,1,1,0,1,0,0,0,0,1,0,0,0,0,0,0,0,1,0,0,0,0,0,1,0,0,0
0,36,19,754,1,1,1,1,0,0,0,1,1,0,1,0,1,0,1,0,1,0,1,0,0,1,0,1,0,0,0
0,8,51,415,1,1,1,1,0,0,0,0,0,0,0,0,0,1,0,0,0,0,0,0,0,0,1,0,1,0,0
0,32,91,2871,1,0,0,1,0,0,1,0,0,0,0,0,0,0,0,0,0,1,0,1,0,0,0,0,1,0,0
0,2,24,36,0,1,1,0,1,0,0,0,0,0,0,0,0,0,0,0,0,0,0,0,0,0,1,0,0,1,0
0,18,24,471,0,1,1,1,0,1,0,1,1,0,1,0,1,0,1,0,1,0,1,0,0,1,1,1,0,0,0
0,52,20,1078,0,1,1,1,0,0,0,1,1,0,1,0,1,0,1,0,1,0,1,0,0,1,0,0,0,0,0
0,24,66,1559,0,1,0,1,0,1,0,0,0,1,0,1,0,1,0,0,0,0,0,0,0,0,0,0,0,1,0
0,1,55,55,1,0,0,1,0,0,0,0,0,0,0,0,0,0,0,0,0,0,0,1,0,0,1,0,1,0,1
0,7,19,168,1,0,0,1,0,0,0,1,1,0,1,0,1,0,1,0,1,0,1,0,0,0,1,0,0,1,0
1,8,100,908,0,0,0,1,0,1,1,0,0,0,0,0,0,0,0,1,0,1,0,1,0,0,1,1,0,0,1
0,14,70,1046,0,1,1,1,0,0,1,0,0,0,0,0,0,0,0,0,0,0,0,0,0,0,0,0,1,0,0
0,13,19,259,1,0,0,1,0,0,0,1,1,0,1,0,1,0,1,0,1,0,1,0,1,0,0,1,0,0,0
0,40,110,4469,1,1,1,1,0,1,1,0,0,1,0,1,0,0,0,1,0,1,0,1,0,0,1,1,0,0,0
0,63,81,5224,0,1,0,1,0,0,1,0,0,1,0,0,0,1,0,0,0,0,0,0,1,0,1,1,0,0,0
0,17,80,1336,1,1,0,1,0,1,1,0,0,0,0,1,0,0,0,0,0,0,0,0,0,0,1,0,0,0,0
0,19,86,1564,0,1,0,1,0,1,1,0,0,0,0,0,0,0,0,0,0,1,0,0,0,0,1,0,1,0,1
0,12,45,523,0,0,0,1,0,0,0,0,0,0,0,0,0,0,0,0,0,0,0,0,0,0,1,0,1,0,0
0,43,24,993,0,1,1,1,0,1,0,1,1,0,1,0,1,0,1,0,1,0,1,0,1,0,1,0,0,0,0
0,18,90,1527,0,0,0,1,0,1,1,0,0,0,0,1,0,0,0,0,0,1,0,0,0,0,1,1,0,0,0
0,35,25,901,1,0,0,1,0,1,0,1,1,0,1,0,1,0,1,0,1,0,1,0,0,0,1,0,1,0,0
0,42,94,4186,0,1,1,1,0,1,1,0,0,0,0,0,0,0,0,0,0,1,0,1,0,0,1,0,1,0,0
0,61,89,5308,0,0,0,1,0,1,0,0,0,1,0,1,0,1,0,1,0,1,0,1,0,1,0,0,1,0,0
0,39,95,3692,0,0,0,1,0,0,1,0,0,1,0,0,0,1,0,1,0,1,0,0,1,0,1,0,1,0,0
0,21,82,1852,1,0,0,1,0,1,1,0,0,0,0,1,0,0,0,0,0,0,0,0,0,0,1,0,1,0,1
0,1,20,20,1,0,1,1,0,0,0,1,1,0,1,0,1,0,1,0,1,0,1,0,0,0,0,0,0,1,0
0,58,59,3624,0,1,1,0,1,0,0,0,0,1,0,0,0,1,0,1,0,1,0,1,0,1,0,0,0,1,0
0,1,20,20,1,0,1,1,0,0,0,1,1,0,1,0,1,0,1,0,1,0,1,0,0,0,1,0,0,1,0
0,53,19,1050,1,0,0,1,0,0,0,1,1,0,1,0,1,0,1,0,1,0,1,0,0,1,0,1,0,0,0
0,25,24,692,0,0,0,1,0,1,0,1,1,0,1,0,1,0,1,0,1,0,1,0,0,1,0,1,0,0,0
0,64,58,3756,0,1,0,1,0,1,0,0,0,0,0,0,0,1,0,1,0,0,0,0,1,0,0,0,0,0,0
0,1,60,60,0,0,0,1,0,1,0,0,0,0,0,0,0,0,0,0,0,0,0,1,0,0,1,0,1,0,1
1,4,69,261,1,0,0,1,0,0,1,0,0,0,0,0,0,0,0,0,0,0,0,0,0,0,0,0,1,0,1
0,5,30,167,0,1,1,0,1,0,0,0,0,0,0,1,0,0,0,0,0,0,0,0,0,0,1,0,1,0,0
0,44,95,4060,0,1,0,1,0,1,1,0,0,1,0,1,0,1,0,1,0,0,0,0,0,0,1,1,0,0,0
0,31,103,3066,1,0,0,1,0,1,1,0,0,0,0,1,0,1,0,0,0,1,0,1,1,0,1,0,1,0,0
0,2,87,183,0,0,0,1,0,0,1,0,0,0,0,1,0,0,0,0,0,1,0,0,0,0,1,0,0,0,1
0,71,116,8297,1,1,1,1,0,1,1,0,0,1,0,1,0,1,0,1,0,1,0,1,0,1,1,0,0,0,0
0,72,85,6129,0,1,1,1,0,0,0,0,0,1,0,1,0,1,0,1,0,1,0,1,0,1,0,0,0,0,0
0,56,68,3815,0,1,1,1,0,1,0,0,0,1,0,1,0,0,0,0,0,0,0,1,1,0,0,0,0,0,0
0,24,20,533,1,1,0,1,0,0,0,1,1,0,1,0,1,0,1,0,1,0,1,0,1,0,0,0,0,1,0
0,22,49,1049,0,0,0,1,0,0,0,0,0,1,0,0,0,0,0,0,0,0,0,0,0,0,1,0,1,0,0
0,33,72,2447,1,1,0,1,0,1,0,0,0,1,0,1,0,1,0,0,0,1,0,0,0,0,1,0,0,0,0
0,54,87,4735,1,0,0,1,0,1,0,0,0,1,0,0,0,1,0,1,0,1,0,1,0,1,0,0,0,0,0
0,26,20,505,1,1,1,1,0,0,0,1,1,0,1,0,1,0,1,0,1,0,1,0,1,0,1,0,0,0,0
0,18,69,1199,1,0,0,1,0,1,0,0,0,1,0,0,0,1,0,0,0,1,0,0,0,0,0,0,0,1,0
1,1,36,36,0,0,0,0,1,0,0,0,0,0,0,0,0,0,0,0,0,1,0,0,0,0,1,0,1,0,1
0,16,72,1194,0,0,0,1,0,1,1,0,0,0,0,0,0,0,0,0,0,0,0,0,0,0,0,0,1,0,0
0,1,49,49,1,0,0,1,0,0,0,0,0,1,0,0,0,0,0,0,0,0,0,0,0,0,0,0,1,0,0
0,27,19,509,1,0,1,1,0,0,0,1,1,0,1,0,1,0,1,0,1,0,1,0,0,1,0,1,0,0,0
0,16,100,1534,0,1,0,1,0,1,1,0,0,0,0,1,0,0,0,0,0,1,0,1,0,0,1,0,1,0,1
0,35,55,1924,1,0,0,1,0,1,0,0,0,1,0,0,0,0,0,0,0,0,0,0,0,1,0,0,0,1,0
0,36,97,3457,0,1,1,1,0,1,1,0,0,0,0,1,0,1,0,0,0,1,0,0,0,0,1,0,0,0,0
1,37,92,3473,1,1,0,1,0,1,1,0,0,0,0,0,0,0,0,0,0,1,0,1,0,0,1,0,1,0,1
1,50,101,5265,1,1,0,1,0,1,1,0,0,1,0,1,0,1,0,0,0,1,0,0,1,0,1,0,0,0,0
0,29,45,1242,1,0,1,0,1,0,0,0,0,1,0,1,0,1,0,1,0,0,0,0,0,0,1,0,0,1,0
1,1,69,69,0,0,0,1,0,0,1,0,0,0,0,0,0,0,0,0,0,0,0,0,0,0,1,0,1,0,1
1,56,73,4054,0,0,0,1,0,1,0,0,0,1,0,0,0,1,0,1,0,0,0,1,0,1,0,0,0,0,0
1,5,83,446,0,0,0,1,0,1,1,0,0,0,0,0,0,0,0,0,0,1,0,0,0,0,1,1,0,0,1
0,20,76,1588,0,1,1,1,0,1,0,0,0,1,0,0,0,0,0,0,0,1,0,1,1,0,0,0,0,0,0
0,33,20,669,0,1,0,1,0,0,0,1,1,0,1,0,1,0,1,0,1,0,1,0,0,0,0,0,0,1,0
0,54,46,2431,1,0,0,0,1,0,0,0,0,1,0,1,0,0,0,0,0,0,0,1,0,1,0,0,0,0,0
0,62,60,3753,1,1,0,1,0,0,0,0,0,0,0,1,0,1,0,1,0,0,0,0,0,1,1,1,0,0,0
0,67,19,1311,1,0,0,1,0,0,0,1,1,0,1,0,1,0,1,0,1,0,1,0,0,1,1,0,0,1,0
1,72,64,4641,1,1,0,0,1,0,0,0,0,1,0,1,0,1,0,1,0,1,0,1,0,1,1,1,0,0,0
0,69,24,1718,1,1,1,1,0,1,0,1,1,0,1,0,1,0,1,0,1,0,1,0,0,1,0,0,0,0,0
0,49,20,1024,0,0,1,1,0,0,0,1,1,0,1,0,1,0,1,0,1,0,1,0,0,1,0,1,0,0,0
1,35,73,2471,1,0,0,1,0,0,0,0,0,0,0,0,0,1,0,1,0,1,0,1,1,0,1,0,1,0,0
0,69,103,7446,0,1,1,1,0,1,1,0,0,0,0,1,0,1,0,0,0,1,0,1,0,0,1,0,1,0,0
1,41,113,4689,0,0,0,1,0,1,1,0,0,1,0,1,0,1,0,0,0,1,0,1,0,0,1,0,1,0,0
0,58,71,4299,0,0,0,1,0,1,0,0,0,1,0,1,0,1,0,1,0,0,0,0,1,0,1,1,0,0,0
0,1,70,70,1,1,1,1,0,0,1,0,0,0,0,0,0,0,0,0,0,0,0,0,0,0,1,0,0,1,1
0,12,20,265,1,0,0,1,0,0,0,1,1,0,1,0,1,0,1,0,1,0,1,0,0,0,0,1,0,0,0
0,66,20,1357,1,0,1,1,0,0,0,1,1,0,1,0,1,0,1,0,1,0,1,0,0,1,0,0,0,1,0
1,7,51,419,0,0,0,1,0,0,0,0,0,0,0,1,0,0,0,0,0,0,0,0,0,0,1,0,0,1,0
1,54,115,6431,0,1,0,1,0,1,1,0,0,1,0,1,0,1,0,1,0,1,0,1,1,0,1,0,0,0,0
0,72,19,1322,1,1,1,1,0,0,0,1,1,0,1,0,1,0,1,0,1,0,1,0,0,1,0,0,0,0,0
0,42,106,4512,1,1,0,1,0,1,1,0,0,0,0,0,0,1,0,1,0,1,0,1,0,0,1,0,0,0,0
0,2,74,139,0,1,0,1,0,0,1,0,0,1,0,0,0,0,0,0,0,0,0,0,0,0,1,0,1,0,1
0,10,46,492,1,0,0,1,0,0,0,0,0,0,0,0,0,0,0,0,0,0,0,0,0,0,0,0,0,1,0
0,58,109,6144,0,1,0,1,0,1,1,0,0,1,0,1,0,1,0,0,0,1,0,1,0,1,1,0,0,0,0
0,9,48,422,0,1,1,1,0,0,0,0,0,1,0,0,0,0,0,0,0,0,0,0,1,0,0,0,0,1,0
0,32,84,2781,0,0,0,1,0,1,1,0,0,0,0,0,0,0,0,0,0,1,0,0,1,0,0,0,1,0,0
0,6,20,109,0,0,0,1,0,0,0,1,1,0,1,0,1,0,1,0,1,0,1,0,0,0,1,0,0,1,0
1,50,105,5163,1,1,0,1,0,1,1,0,0,1,0,0,0,1,0,0,0,1,0,1,0,1,1,1,0,0,0
0,57,20,1123,1,1,1,1,0,0,0,1,1,0,1,0,1,0,1,0,1,0,1,0,0,1,0,0,0,1,0
0,48,25,1171,0,0,0,1,0,1,0,1,1,0,1,0,1,0,1,0,1,0,1,0,1,0,0,1,0,0,0
0,56,73,4092,0,0,0,1,0,0,1,0,0,0,0,1,0,0,0,0,0,0,0,0,0,0,1,0,1,0,0
0,67,102,6886,0,0,0,1,0,1,1,0,0,1,0,1,0,1,0,0,0,1,0,0,0,0,1,1,0,0,0
0,69,60,4176,1,0,0,0,1,0,0,0,0,1,0,1,0,0,0,1,0,1,0,1,0,1,1,0,0,0,0
0,23,79,1676,0,0,0,1,0,1,1,0,0,0,0,1,0,0,0,0,0,0,0,0,0,0,1,0,1,0,1
0,5,20,85,1,1,1,1,0,0,0,1,1,0,1,0,1,0,1,0,1,0,1,0,1,0,0,0,0,1,0
1,25,89,2177,1,1,0,1,0,1,1,0,0,1,0,0,0,0,0,0,0,0,0,1,1,0,1,0,1,0,0
0,8,100,819,1,0,0,1,0,1,1,0,0,0,0,1,0,0,0,0,0,1,0,1,0,0,0,0,1,0,1
0,1,74,74,1,0,0,1,0,1,1,0,0,0,0,0,0,0,0,0,0,0,0,0,0,0,1,0,0,1,1
0,4,75,338,0,0,0,1,0,1,1,0,0,0,0,0,0,0,0,0,0,0,0,0,0,0,0,0,1,0,1
0,55,75,4213,0,1,1,1,0,1,0,0,0,1,0,1,0,0,0,1,0,1,0,0,1,0,1,1,0,0,0
1,1,49,49,0,1,0,1,0,0,0,0,0,1,0,0,0,0,0,0,0,0,0,0,0,0,1,0,1,0,1
0,42,20,958,0,0,0,1,0,0,0,1,1,0,1,0,1,0,1,0,1,0,1,0,1,0,1,0,0,1,0
0,40,80,3168,1,1,0,1,0,0,1,0,0,0,0,1,0,1,0,0,0,0,0,0,0,0,1,0,1,0,0
0,10,19,189,1,1,0,1,0,0,0,1,1,0,1,0,1,0,1,0,1,0,1,0,1,0,0,0,0,0,0
1,1,88,88,1,0,0,1,0,1,1,0,0,0,0,0,0,1,0,0,0,1,0,0,0,0,1,0,1,0,1
0,15,84,1287,0,0,0,1,0,0,0,0,0,1,0,1,0,1,0,1,0,1,0,1,0,0,0,0,0,1,0
1,26,60,1597,0,1,0,1,0,0,0,0,0,0,0,0,0,1,0,0,0,0,0,1,1,0,0,0,0,1,0
0,70,109,7674,0,1,0,1,0,1,1,0,0,0,0,1,0,1,0,1,0,1,0,1,1,0,1,0,1,0,0
0,46,19,927,0,1,1,1,0,0,0,1,1,0,1,0,1,0,1,0,1,0,1,0,0,1,1,0,0,1,0
0,12,49,611,0,0,0,1,0,0,0,0,0,0,0,1,0,0,0,0,0,0,0,0,0,0,1,0,1,0,0
0,13,74,896,1,1,1,1,0,1,1,0,0,0,0,0,0,0,0,0,0,0,0,0,0,0,1,1,0,0,0
0,12,85,979,0,0,0,1,0,0,1,0,0,1,0,0,0,0,0,0,0,1,0,0,1,0,1,1,0,0,0
0,65,104,6725,0,1,1,1,0,1,1,0,0,1,0,0,0,1,0,0,0,1,0,1,0,1,1,1,0,0,0
0,3,49,169,1,0,0,1,0,0,0,0,0,0,0,0,0,1,0,0,0,0,0,0,0,0,1,0,1,0,1
0,32,19,601,0,0,0,1,0,0,0,1,1,0,1,0,1,0,1,0,1,0,1,0,0,0,0,0,0,0,0
1,44,30,1359,1,1,0,0,1,0,0,0,0,0,0,1,0,0,0,0,0,0,0,0,0,0,1,0,1,0,0
0,1,49,49,1,0,0,1,0,0,0,0,0,0,0,0,0,1,0,0,0,0,0,0,0,0,1,0,0,1,1
0,24,84,1938,0,0,0,1,0,1,1,0,0,1,0,0,0,0,0,1,0,0,0,0,0,0,1,0,1,0,0
0,72,112,8041,1,1,1,1,0,1,1,0,0,0,0,1,0,1,0,1,0,1,0,1,0,1,1,0,0,0,0
0,61,62,3778,1,1,0,0,1,0,0,0,0,1,0,0,0,1,0,1,0,1,0,1,0,1,1,0,0,1,0
0,1,19,19,1,0,1,1,0,0,0,1,1,0,1,0,1,0,1,0,1,0,1,0,0,0,0,0,0,1,0
0,44,54,2317,1,1,1,0,1,0,0,0,0,0,0,0,0,1,0,1,0,1,0,1,1,0,1,0,1,0,0
0,62,24,1424,1,1,1,1,0,1,0,1,1,0,1,0,1,0,1,0,1,0,1,0,0,1,1,0,0,0,0
0,10,19,196,0,1,1,1,0,0,0,1,1,0,1,0,1,0,1,0,1,0,1,0,0,0,1,0,0,0,0
0,58,106,6145,0,0,0,1,0,0,1,0,0,1,0,1,0,1,0,0,0,1,0,1,1,0,1,0,1,0,0
0,1,76,76,0,0,0,1,0,1,1,0,0,0,0,0,0,0,0,0,0,0,0,0,0,0,0,0,1,0,1
0,71,114,8175,1,1,1,1,0,1,1,0,0,1,0,1,0,1,0,1,0,1,0,1,0,1,1,0,0,0,0
0,1,51,51,1,0,0,1,0,0,0,0,0,0,0,0,0,0,0,1,0,0,0,0,0,0,0,0,0,1,0
0,20,68,1416,1,0,0,1,0,1,0,0,0,0,0,1,0,0,0,1,0,1,0,0,1,0,1,0,1,0,0
1,1,78,78,0,0,0,1,0,0,1,0,0,0,0,0,0,0,0,0,0,1,0,0,0,0,0,0,1,0,1
0,9,44,348,1,0,0,1,0,0,0,0,0,0,0,0,0,0,0,0,0,0,0,0,0,0,1,0,0,1,0
0,70,101,7085,1,1,0,1,0,0,1,0,0,1,0,1,0,1,0,1,0,0,0,1,0,1,0,1,0,0,0
0,53,60,3297,0,1,1,1,0,0,0,0,0,0,0,0,0,1,0,0,0,0,0,1,1,0,0,1,0,0,0
0,8,19,159,1,0,1,1,0,0,0,1,1,0,1,0,1,0,1,0,1,0,1,0,0,0,0,0,0,0,0
0,6,63,348,0,0,0,0,1,0,0,0,0,1,0,1,0,1,0,1,0,1,0,1,0,1,1,0,0,1,0
0,26,51,1295,1,0,0,1,0,1,0,0,0,0,0,0,0,0,0,0,0,0,0,0,1,0,1,1,0,0,0
0,47,75,3545,0,0,0,1,0,0,1,0,0,1,0,0,0,0,0,0,0,0,0,0,0,0,0,1,0,0,0
0,55,85,4600,0,1,1,1,0,1,1,0,0,1,0,1,0,0,0,0,0,0,0,0,0,0,1,0,1,0,0
1,66,110,7432,1,0,0,1,0,1,1,0,0,0,0,1,0,1,0,1,0,1,0,1,1,0,0,1,0,0,0
0,31,79,2587,1,0,1,1,0,1,0,0,0,0,0,1,0,0,0,1,0,1,0,1,1,0,1,0,0,1,0
0,32,79,2619,1,1,0,1,0,1,1,0,0,0,0,0,0,0,0,1,0,0,0,0,1,0,1,0,1,0,0
0,65,74,4820,1,1,1,1,0,0,0,0,0,1,0,0,0,0,0,1,0,1,0,1,0,1,1,0,0,0,0
1,1,45,45,0,0,0,1,0,0,0,0,0,0,0,0,0,0,0,0,0,0,0,0,0,0,0,0,0,1,1
0,5,20,109,1,0,0,1,0,0,0,1,1,0,1,0,1,0,1,0,1,0,1,0,0,0,0,0,0,1,0
0,17,66,1077,1,1,1,1,0,1,0,0,0,0,0,1,0,1,0,1,0,0,0,0,0,0,1,0,0,1,0
0,21,24,467,1,0,1,1,0,1,0,1,1,0,1,0,1,0,1,0,1,0,1,0,0,0,0,0,0,1,0
0,67,19,1311,1,0,0,1,0,0,0,1,1,0,1,0,1,0,1,0,1,0,1,0,0,1,0,0,0,0,0
0,40,67,2731,1,0,0,1,0,0,0,0,0,1,0,0,0,1,0,0,0,0,0,1,0,0,0,0,1,0,0
0,72,19,1567,0,0,1,1,0,0,0,1,1,0,1,0,1,0,1,0,1,0,1,0,0,1,1,0,0,1,0
0,2,47,92,1,0,0,1,0,0,0,0,0,1,0,0,0,0,0,0,0,0,0,0,0,0,1,0,1,0,1
1,3,105,294,1,0,0,1,0,1,1,0,0,0,0,1,0,1,0,0,0,1,0,1,0,0,1,0,1,0,1
0,17,56,946,1,0,0,1,0,0,0,0,0,1,0,1,0,0,0,0,0,0,0,0,1,0,0,0,0,1,0
0,66,114,7383,1,0,0,1,0,1,1,0,0,1,0,1,0,1,0,1,0,1,0,1,1,0,1,0,0,0,0
0,61,98,6145,1,1,1,1,0,0,1,0,0,0,0,1,0,0,0,1,0,1,0,1,1,0,1,0,0,0,0
1,13,59,788,1,0,0,1,0,0,0,0,0,0,0,1,0,0,0,0,0,1,0,0,0,0,1,0,1,0,0
0,37,19,717,0,1,0,1,0,0,0,1,1,0,1,0,1,0,1,0,1,0,1,0,1,0,1,0,0,0,0
0,19,106,1934,0,0,0,1,0,0,1,0,0,1,0,0,0,1,0,1,0,1,0,1,0,0,1,0,1,0,0
0,48,19,936,0,0,1,1,0,0,0,1,1,0,1,0,1,0,1,0,1,0,1,0,1,0,0,0,0,1,0
0,1,55,55,0,1,0,1,0,0,0,0,0,0,0,0,0,0,0,0,0,1,0,0,0,0,1,0,0,1,1
1,7,29,220,1,1,0,0,1,0,0,0,0,1,0,0,0,0,0,0,0,0,0,0,0,0,0,0,0,0,0
0,62,92,5755,0,0,0,1,0,1,1,0,0,1,0,1,0,1,0,0,0,0,0,0,1,0,1,0,1,0,0
0,27,100,2793,1,1,1,1,0,1,1,0,0,1,0,1,0,0,0,1,0,1,0,0,0,0,0,0,1,0,0
0,39,23,903,1,1,1,1,0,1,0,1,1,0,1,0,1,0,1,0,1,0,1,0,0,1,1,0,0,1,0
0,2,62,118,1,0,0,1,0,1,0,0,0,0,0,0,0,0,0,0,0,0,0,1,0,0,0,0,0,0,0
0,2,20,38,0,0,0,1,0,0,0,1,1,0,1,0,1,0,1,0,1,0,1,0,0,0,0,0,0,1,0
0,42,108,4586,1,1,0,1,0,1,1,0,0,0,0,0,0,1,0,1,0,1,0,1,1,0,1,0,1,0,0
0,22,79,1730,1,0,0,1,0,1,1,0,0,0,0,1,0,0,0,0,0,0,0,0,0,0,1,0,1,0,1
0,40,84,3369,1,0,0,1,0,1,1,0,0,0,0,0,0,0,0,0,0,1,0,0,0,0,1,0,1,0,0
0,49,97,4917,1,1,1,1,0,1,1,0,0,0,0,0,0,0,0,1,0,1,0,1,1,0,1,0,1,0,0
0,11,44,483,0,1,0,1,0,0,0,0,0,0,0,0,0,0,0,0,0,0,0,0,0,0,1,0,1,0,0
0,9,83,803,0,0,0,1,0,1,1,0,0,0,0,0,0,0,0,0,0,0,0,1,0,0,1,0,1,0,1
0,71,91,6293,0,1,1,1,0,1,0,0,0,1,0,1,0,1,0,1,0,1,0,1,0,1,0,0,0,1,0
0,60,104,6236,0,0,0,1,0,0,1,0,0,1,0,0,0,1,0,1,0,1,0,1,0,0,1,0,0,0,0
0,20,44,927,0,0,0,1,0,0,0,0,0,0,0,0,0,0,0,0,0,0,0,0,0,0,1,0,1,0,0
0,72,115,8220,0,1,1,1,0,1,1,0,0,1,0,1,0,1,0,1,0,1,0,1,0,1,1,0,0,0,0
0,52,91,4627,1,1,0,1,0,1,1,0,0,1,0,0,0,1,0,1,0,0,0,0,0,1,1,1,0,0,0
0,72,90,6441,1,1,1,1,0,1,0,0,0,1,0,1,0,1,0,1,0,1,0,1,0,1,1,1,0,0,0
0,18,19,389,0,0,0,1,0,0,0,1,1,0,1,0,1,0,1,0,1,0,1,0,0,0,1,0,0,1,0
0,5,68,351,0,1,0,1,0,0,1,0,0,0,0,0,0,0,0,0,0,0,0,0,0,0,1,0,1,0,1
0,70,114,7842,1,1,1,1,0,1,1,0,0,1,0,1,0,1,0,1,0,1,0,1,0,1,0,1,0,0,0
0,50,35,1782,1,0,0,0,1,0,0,0,0,1,0,1,0,0,0,0,0,0,0,0,0,0,1,0,0,1,0
0,62,69,4237,1,0,0,1,0,1,0,0,0,1,0,1,0,1,0,1,0,0,0,0,0,1,0,0,0,0,0
0,61,69,4226,1,1,0,1,0,1,0,0,0,1,0,0,0,1,0,0,0,0,0,1,0,1,1,0,0,1,0
0,1,20,20,1,0,0,1,0,0,0,1,1,0,1,0,1,0,1,0,1,0,1,0,0,0,0,0,0,1,0
0,11,20,237,0,0,0,1,0,0,0,1,1,0,1,0,1,0,1,0,1,0,1,0,1,0,0,1,0,0,0
0,37,72,2658,0,1,0,1,0,1,0,0,0,0,0,1,0,0,0,1,0,0,0,1,1,0,0,0,0,1,0
0,48,19,855,1,1,0,1,0,0,0,1,1,0,1,0,1,0,1,0,1,0,1,0,0,1,0,0,0,1,0
1,12,43,526,1,0,0,0,1,0,0,0,0,0,0,0,0,1,0,1,0,0,0,1,0,0,1,0,1,0,0
0,70,69,4872,0,1,1,1,0,1,0,0,0,1,0,1,0,0,0,0,0,1,0,0,0,1,1,1,0,0,0
1,9,54,494,1,0,0,1,0,1,0,0,0,1,0,0,0,0,0,0,0,0,0,0,0,0,0,0,1,0,0
0,1,43,43,0,0,0,1,0,0,0,0,0,0,0,0,0,0,0,0,0,0,0,0,0,0,0,0,0,1,0
0,1,80,80,0,1,1,1,0,0,1,0,0,0,0,0,0,0,0,0,0,1,0,0,0,0,1,0,0,1,1
0,38,103,3988,0,0,0,1,0,1,1,0,0,0,0,0,0,1,0,1,0,1,0,1,0,0,1,0,1,0,0
0,10,75,786,1,0,0,1,0,1,1,0,0,0,0,0,0,0,0,0,0,0,0,0,0,0,0,0,1,0,1
0,70,110,7752,0,1,0,1,0,1,1,0,0,0,0,1,0,1,0,1,0,1,0,1,0,1,1,0,1,0,0
0,29,45,1332,1,1,0,0,1,0,0,0,0,0,0,0,0,0,0,0,0,1,0,1,0,0,1,0,1,0,0
1,42,79,3344,1,0,0,1,0,1,1,0,0,0,0,1,0,0,0,0,0,0,0,0,0,0,1,0,0,0,0
0,24,19,498,0,0,1,1,0,0,0,1,1,0,1,0,1,0,1,0,1,0,1,0,0,1,0,0,0,1,0
1,18,80,1411,1,0,0,1,0,1,1,0,0,0,0,1,0,0,0,0,0,0,0,0,0,0,1,1,0,0,0
0,72,104,7459,1,1,1,1,0,1,1,0,0,0,0,1,0,1,0,0,0,1,0,1,1,0,1,1,0,0,0
1,30,105,3181,1,1,0,1,0,1,1,0,0,1,0,1,0,1,0,1,0,1,0,0,0,0,1,0,0,0,0
0,54,69,3871,0,1,1,1,0,0,0,0,0,1,0,0,0,1,0,1,0,0,0,1,0,1,0,0,0,0,0
0,59,66,3958,1,1,0,1,0,0,0,0,0,1,0,1,0,1,0,0,0,1,0,0,1,0,0,1,0,0,0
1,70,102,7101,1,1,0,1,0,1,1,0,0,0,0,1,0,1,0,0,0,1,0,1,0,0,1,0,1,0,0
0,71,87,6365,0,1,0,1,0,1,0,0,0,1,0,1,0,1,0,1,0,1,0,1,0,1,0,0,0,0,0
0,56,19,1119,0,1,1,1,0,0,0,1,1,0,1,0,1,0,1,0,1,0,1,0,0,1,1,1,0,0,0
0,19,86,1532,1,0,0,1,0,1,1,0,0,0,0,0,0,0,0,0,0,0,0,1,0,0,1,0,0,0,0
1,59,89,5496,0,0,0,1,0,1,1,0,0,1,0,1,0,1,0,0,0,0,0,0,0,0,1,0,1,0,0
0,57,19,1061,1,1,1,1,0,0,0,1,1,0,1,0,1,0,1,0,1,0,1,0,1,0,0,0,0,1,0
0,29,20,558,0,1,1,1,0,0,0,1,1,0,1,0,1,0,1,0,1,0,1,0,0,1,0,0,0,1,0
0,71,24,1681,0,1,0,1,0,1,0,1,1,0,1,0,1,0,1,0,1,0,1,0,0,1,1,1,0,0,0
1,30,101,2974,0,0,1,1,0,1,1,0,0,0,0,0,0,0,0,1,0,1,0,1,0,0,1,0,1,0,1
0,29,58,1696,1,0,0,1,0,0,0,0,0,1,0,1,0,0,0,1,0,0,0,0,1,0,1,0,1,0,0
0,21,61,1393,1,0,0,1,0,0,0,0,0,0,0,0,0,1,0,0,0,0,0,1,0,0,0,0,0,1,0
0,23,25,611,0,1,1,1,0,1,0,1,1,0,1,0,1,0,1,0,1,0,1,0,0,1,0,0,0,1,0
0,8,51,411,1,1,1,1,0,0,0,0,0,1,0,0,0,0,0,0,0,0,0,0,0,0,1,1,0,0,0
0,1,18,18,1,1,1,1,0,0,0,1,1,0,1,0,1,0,1,0,1,0,1,0,1,0,0,0,0,1,0
0,9,54,452,1,1,1,1,0,0,0,0,0,0,0,1,0,0,0,1,0,0,0,0,0,0,0,0,0,1,0
1,14,74,1036,1,0,0,1,0,1,1,0,0,0,0,0,0,0,0,0,0,0,0,0,0,0,1,0,1,0,1
0,29,34,1004,1,0,0,0,1,0,0,0,0,0,0,1,0,0,0,1,0,0,0,0,0,0,0,0,1,0,0
0,72,110,7966,1,1,1,1,0,1,1,0,0,1,0,1,0,1,0,0,0,1,0,1,0,1,1,0,0,0,0
1,35,81,2815,1,1,0,1,0,1,1,0,0,0,0,0,0,1,0,0,0,0,0,0,1,0,1,0,0,0,0
0,62,80,4981,1,0,0,1,0,0,0,0,0,0,0,1,0,1,0,1,0,1,0,1,0,0,1,0,0,0,0
1,60,49,2907,0,1,0,0,1,0,0,0,0,0,0,1,0,0,0,0,0,1,0,1,0,1,1,1,0,0,0
0,71,76,5436,0,1,1,1,0,0,1,0,0,0,0,0,0,1,0,0,0,0,0,0,0,1,0,0,1,0,0
0,41,109,4454,0,1,1,1,0,1,1,0,0,0,0,1,0,1,0,1,0,1,0,1,1,0,1,0,0,0,0
0,1,19,19,1,0,0,1,0,0,0,1,1,0,1,0,1,0,1,0,1,0,1,0,0,0,0,0,1,0,0
0,2,19,39,1,0,0,1,0,0,0,1,1,0,1,0,1,0,1,0,1,0,1,0,0,0,0,0,0,1,0
0,18,96,1740,0,0,0,1,0,0,1,0,0,1,0,0,0,0,0,0,0,1,0,1,0,0,1,0,1,0,1
0,11,25,321,0,0,1,0,1,0,0,0,0,0,0,0,0,0,0,0,0,0,0,0,0,0,0,0,1,0,0
1,72,78,5602,0,1,0,1,0,1,1,0,0,1,0,0,0,0,0,0,0,0,0,0,0,1,0,0,0,0,0
0,51,84,4299,1,1,1,1,0,1,1,0,0,0,0,1,0,0,0,1,0,0,0,0,1,0,0,0,0,0,0
0,21,74,1565,0,1,1,1,0,0,1,0,0,0,0,1,0,0,0,0,0,0,0,0,0,0,1,0,0,0,0
0,1,20,20,1,0,0,1,0,0,0,1,1,0,1,0,1,0,1,0,1,0,1,0,0,0,0,0,0,1,0
0,4,88,355,0,0,0,1,0,1,1,0,0,0,0,1,0,0,0,0,0,0,0,1,0,0,1,0,1,0,1
1,60,110,6668,0,1,0,1,0,0,1,0,0,1,0,1,0,1,0,1,0,1,0,1,0,1,1,0,0,0,0
0,8,54,447,0,0,0,1,0,0,0,0,0,1,0,0,0,0,0,1,0,0,0,0,1,0,0,0,0,0,0
0,57,100,5611,0,1,1,1,0,1,1,0,0,0,0,1,0,0,0,0,0,1,0,1,0,0,1,0,1,0,0
0,14,24,321,1,0,0,1,0,1,0,1,1,0,1,0,1,0,1,0,1,0,1,0,1,0,1,1,0,0,0
1,2,84,186,0,0,0,1,0,1,1,0,0,0,0,0,0,0,0,0,0,0,0,1,0,0,1,0,1,0,1
0,10,70,740,1,0,0,1,0,0,1,0,0,0,0,0,0,0,0,0,0,0,0,0,0,0,1,0,1,0,1
0,1,20,20,1,0,0,1,0,0,0,1,1,0,1,0,1,0,1,0,1,0,1,0,0,0,1,0,0,0,0
0,61,25,1554,0,1,0,1,0,1,0,1,1,0,1,0,1,0,1,0,1,0,1,0,0,1,0,0,0,0,0
1,70,75,5411,0,1,0,1,0,1,1,0,0,0,0,0,0,0,0,0,0,0,0,0,0,1,1,1,0,0,0
0,2,60,111,0,0,0,1,0,0,0,0,0,0,0,0,0,1,0,0,0,0,0,1,0,0,0,0,1,0,1
1,1,89,89,0,0,0,1,0,0,1,0,0,0,0,0,0,0,0,0,0,1,0,1,0,0,1,0,1,0,1
0,38,20,749,0,1,1,1,0,0,0,1,1,0,1,0,1,0,1,0,1,0,1,0,1,0,0,0,0,1,0
1,7,70,467,1,1,0,1,0,0,1,0,0,0,0,0,0,0,0,0,0,0,0,0,0,0,1,0,0,1,1
1,60,93,5774,1,1,1,1,0,1,1,0,0,1,0,1,0,0,0,0,0,0,0,1,0,0,1,0,1,0,0
0,2,49,103,0,0,0,1,0,0,0,0,0,0,0,1,0,0,0,0,0,0,0,0,0,0,0,0,0,1,0
0,2,90,168,0,0,0,1,0,0,1,0,0,0,0,0,0,0,0,0,0,1,0,1,0,0,1,0,1,0,1
0,8,75,658,1,1,0,1,0,0,1,0,0,1,0,0,0,0,0,0,0,0,0,0,0,0,1,0,0,1,0
0,67,111,7482,1,1,1,1,0,1,1,0,0,1,0,1,0,1,0,0,0,1,0,1,1,0,1,0,1,0,0
0,3,35,106,1,0,0,0,1,0,0,0,0,1,0,1,0,0,0,0,0,0,0,0,0,0,1,0,0,1,0
0,27,19,460,1,0,0,1,0,0,0,1,1,0,1,0,1,0,1,0,1,0,1,0,0,0,1,1,0,0,0
0,3,64,195,1,0,0,1,0,0,0,0,0,1,0,0,0,0,0,1,0,1,0,0,0,0,1,1,0,0,0
0,15,19,340,1,1,0,1,0,0,0,1,1,0,1,0,1,0,1,0,1,0,1,0,0,0,1,1,0,0,0
0,7,89,608,1,1,1,1,0,0,1,0,0,0,0,1,0,0,0,1,0,1,0,0,0,0,1,0,1,0,1
0,1,20,20,1,0,0,1,0,0,0,1,1,0,1,0,1,0,1,0,1,0,1,0,0,0,1,0,0,1,0
0,48,20,1057,0,1,1,1,0,0,0,1,1,0,1,0,1,0,1,0,1,0,1,0,0,1,0,0,0,0,0
0,70,40,2799,1,0,0,0,1,0,0,0,0,0,0,0,0,0,0,1,0,0,0,1,0,1,1,0,0,1,0
0,60,20,1270,1,1,1,1,0,0,0,1,1,0,1,0,1,0,1,0,1,0,1,0,0,1,1,0,0,0,0
0,9,19,157,0,0,0,1,0,0,0,1,1,0,1,0,1,0,1,0,1,0,1,0,0,0,0,0,0,1,0
1,2,79,172,0,1,0,1,0,1,1,0,0,0,0,0,0,1,0,0,0,0,0,0,0,0,0,0,1,0,1
0,1,30,30,0,1,1,0,1,0,0,0,0,1,0,0,0,0,0,0,0,0,0,0,0,0,0,0,0,0,0
0,1,70,70,0,0,0,1,0,0,1,0,0,0,0,0,0,0,0,0,0,0,0,0,0,0,1,0,1,0,1
0,58,91,5511,0,1,1,1,0,0,1,0,0,0,0,1,0,1,0,0,0,1,0,0,0,0,1,0,1,0,0
0,39,30,1131,0,0,1,0,1,0,0,0,0,0,0,0,0,1,0,0,0,0,0,0,0,0,0,1,0,0,0
1,71,92,6585,1,1,0,1,0,1,1,0,0,1,0,1,0,1,0,1,0,0,0,0,1,0,1,0,1,0,0
0,22,20,419,1,1,1,1,0,0,0,1,1,0,1,0,1,0,1,0,1,0,1,0,1,0,0,0,0,1,0
0,17,44,681,1,0,1,1,0,0,0,0,0,0,0,0,0,0,0,0,0,0,0,0,1,0,0,0,0,1,0
0,13,35,450,0,0,0,0,1,0,0,0,0,0,0,0,0,1,0,1,0,0,0,0,0,1,0,0,0,1,0
0,1,69,69,1,0,0,1,0,0,1,0,0,0,0,0,0,0,0,0,0,0,0,0,0,0,1,0,1,0,1
0,44,61,2722,0,1,0,1,0,0,0,0,0,1,0,1,0,1,0,0,0,0,0,0,1,0,1,0,0,1,0
0,1,79,79,1,0,0,1,0,0,1,0,0,0,0,0,0,0,0,0,0,1,0,0,0,0,1,0,1,0,1
0,53,78,3942,1,1,1,1,0,1,0,0,0,0,0,0,0,1,0,1,0,1,0,1,1,0,1,0,0,1,0
0,3,25,79,1,0,0,0,1,0,0,0,0,0,0,0,0,0,0,0,0,0,0,0,0,0,0,0,1,0,1
0,24,79,1928,0,1,0,1,0,1,1,0,0,0,0,0,0,1,0,0,0,0,0,0,0,0,1,0,0,1,0
1,62,97,5936,0,1,0,1,0,1,1,0,0,0,0,1,0,1,0,0,0,1,0,0,1,0,1,1,0,0,0
0,5,44,202,0,0,0,1,0,0,0,0,0,0,0,0,0,0,0,0,0,0,0,0,0,0,1,1,0,0,0
0,6,55,340,0,0,0,1,0,0,0,0,0,0,0,0,0,0,0,0,0,0,0,1,0,0,1,0,1,0,0
0,49,20,973,0,1,0,1,0,0,0,1,1,0,1,0,1,0,1,0,1,0,1,0,0,1,1,0,0,0,0
0,5,19,86,1,0,0,1,0,0,0,1,1,0,1,0,1,0,1,0,1,0,1,0,0,0,1,0,0,1,0
1,2,94,181,1,0,0,1,0,1,1,0,0,0,0,0,0,0,0,0,0,1,0,1,0,0,1,0,1,0,1
0,71,116,8564,1,1,0,1,0,1,1,0,0,1,0,1,0,1,0,1,0,1,0,1,0,1,1,0,1,0,0
0,53,110,5835,0,1,0,1,0,0,1,0,0,1,0,1,0,1,0,1,0,1,0,1,1,0,0,0,1,0,0
0,45,54,2319,0,1,1,1,0,0,0,0,0,0,0,1,0,0,0,1,0,0,0,0,1,0,1,1,0,0,0
0,27,19,501,0,0,0,1,0,0,0,1,1,0,1,0,1,0,1,0,1,0,1,0,1,0,0,0,0,1,0
0,36,51,1815,0,1,1,1,0,0,0,0,0,1,0,0,0,0,0,0,0,0,0,0,0,0,0,1,0,0,0
0,54,55,3092,1,0,1,1,0,1,0,0,0,0,0,1,0,0,0,0,0,0,0,0,0,0,1,1,0,0,0
0,57,107,5969,1,1,0,1,0,1,1,0,0,0,0,0,0,1,0,1,0,1,0,1,0,1,0,0,1,0,0
0,1,50,50,1,0,0,1,0,0,0,0,0,0,0,1,0,0,0,0,0,0,0,0,0,0,1,0,1,0,1
0,34,84,2839,0,1,1,1,0,0,0,0,0,1,0,1,0,1,0,1,0,1,0,1,0,1,0,0,0,1,0
0,56,44,2564,0,0,0,0,1,0,0,0,0,0,0,0,0,0,0,0,0,1,0,1,0,0,1,1,0,0,0
0,11,76,837,0,0,0,1,0,1,1,0,0,0,0,0,0,0,0,0,0,0,0,0,0,0,1,0,1,0,1
0,7,20,144,1,1,1,1,0,0,0,1,1,0,1,0,1,0,1,0,1,0,1,0,0,0,0,0,0,1,0
0,5,64,316,1,1,1,1,0,1,0,0,0,1,0,1,0,0,0,1,0,0,0,0,0,0,0,1,0,0,0
0,24,74,1821,1,1,1,1,0,1,0,0,0,1,0,0,0,0,0,0,0,1,0,1,1,0,0,0,0,1,0
1,54,74,3919,1,1,0,1,0,1,1,0,0,0,0,0,0,0,0,0,0,0,0,0,0,0,0,0,0,0,0
0,72,89,6254,1,1,0,1,0,1,0,0,0,1,0,1,0,1,0,1,0,1,0,1,0,1,1,0,0,0,0
0,30,67,2000,1,1,1,1,0,1,0,0,0,1,0,1,0,1,0,1,0,0,0,0,0,0,0,0,1,0,0
1,15,96,1426,0,0,0,1,0,0,1,0,0,1,0,0,0,1,0,1,0,0,0,1,0,0,1,0,0,1,1
0,15,20,284,0,1,1,1,0,0,0,1,1,0,1,0,1,0,1,0,1,0,1,0,0,0,0,0,0,1,0
1,57,104,5913,1,0,0,1,0,1,1,0,0,0,0,1,0,0,0,1,0,1,0,1,0,0,1,0,0,0,0
0,72,90,6565,1,1,1,1,0,1,1,0,0,0,0,1,0,1,0,1,0,0,0,0,0,1,0,0,0,0,0
0,13,97,1334,1,1,1,1,0,0,1,0,0,0,0,0,0,1,0,0,0,1,0,1,0,0,0,0,1,0,1
0,60,20,1093,0,0,0,1,0,0,0,1,1,0,1,0,1,0,1,0,1,0,1,0,0,1,0,0,0,1,0
0,22,65,1427,1,0,0,1,0,1,0,0,0,1,0,1,0,1,0,0,0,0,0,0,0,0,0,0,0,1,0
0,34,105,3540,1,0,0,1,0,1,1,0,0,0,0,1,0,0,0,1,0,1,0,1,0,0,1,0,1,0,0
0,7,79,586,0,0,0,1,0,0,1,0,0,0,0,0,0,0,0,0,0,1,0,0,0,0,1,0,1,0,1
0,20,20,417,0,1,1,1,0,0,0,1,1,0,1,0,1,0,1,0,1,0,1,0,0,0,0,0,1,0,0
0,52,85,4433,0,1,1,1,0,0,1,0,0,0,0,1,0,1,0,1,0,0,0,0,0,0,0,0,0,0,0
0,24,99,2404,1,0,0,1,0,1,1,0,0,0,0,1,0,0,0,0,0,1,0,1,0,0,1,0,0,0,0
1,4,48,179,0,0,0,1,0,1,0,0,0,0,0,0,0,0,0,0,0,0,0,0,0,0,0,0,0,1,1
1,57,71,4140,1,1,0,1,0,1,0,0,0,0,0,1,0,1,0,0,0,1,0,0,1,0,1,1,0,0,0
0,66,65,4097,1,1,1,1,0,0,0,0,0,1,0,1,0,1,0,1,0,0,0,0,0,1,0,0,0,1,0
0,11,64,716,0,0,0,1,0,0,0,0,0,0,0,0,0,0,0,0,0,1,0,1,0,0,1,0,1,0,0
0,57,84,4845,0,1,1,1,0,1,0,0,0,1,0,0,0,1,0,1,0,1,0,1,0,1,1,0,1,0,0
0,40,84,3303,0,1,1,1,0,1,1,0,0,0,0,0,0,1,0,1,0,0,0,0,0,0,1,0,1,0,0
1,57,55,3094,0,0,0,0,1,0,0,0,0,0,0,1,0,1,0,0,0,1,0,1,0,0,1,0,1,0,0
0,2,95,196,0,0,0,1,0,1,1,0,0,0,0,0,0,0,0,0,0,1,0,1,0,0,1,0,1,0,1
0,70,78,5445,1,1,1,1,0,1,0,0,0,1,0,1,0,1,0,1,0,0,0,1,1,0,0,0,0,0,0
1,7,89,676,1,1,0,1,0,0,1,0,0,0,0,0,0,0,0,0,0,1,0,1,0,0,1,0,1,0,1
0,17,21,385,1,0,0,1,0,0,0,1,1,0,1,0,1,0,1,0,1,0,1,0,0,0,0,1,0,0,0
1,33,105,3465,0,0,1,1,0,1,1,0,0,0,0,1,0,1,0,0,0,1,0,1,0,0,1,0,0,0,0
1,18,73,1359,0,0,0,1,0,0,1,0,0,0,0,1,0,0,0,0,0,0,0,0,0,0,1,0,1,0,1
0,63,63,4014,0,1,1,1,0,0,0,0,0,1,0,1,0,1,0,1,0,0,0,0,0,1,0,0,0,1,0
0,20,18,347,0,0,0,1,0,0,0,1,1,0,1,0,1,0,1,0,1,0,1,0,0,0,1,1,0,0,0
0,70,84,5991,0,0,0,1,0,1,0,0,0,1,0,1,0,1,0,0,0,1,0,1,0,1,0,0,0,1,0
1,53,95,5016,0,1,0,1,0,1,1,0,0,0,0,0,0,0,0,0,0,1,0,1,1,0,1,1,0,0,0
0,24,20,456,0,1,0,1,0,0,0,1,1,0,1,0,1,0,1,0,1,0,1,0,1,0,0,0,0,1,0
0,56,99,5608,0,1,1,1,0,1,1,0,0,0,0,1,0,1,0,1,0,0,0,1,1,0,1,1,0,0,0
0,39,104,4134,0,1,0,1,0,0,1,0,0,1,0,0,0,1,0,1,0,1,0,1,1,0,1,1,0,0,0
1,17,92,1614,0,1,0,1,0,1,1,0,0,0,0,0,0,0,0,0,0,1,0,1,0,0,1,0,1,0,1
0,15,68,1108,1,1,0,1,0,0,1,0,0,0,0,0,0,0,0,0,0,0,0,0,0,0,1,0,0,0,0
1,38,101,3741,1,1,1,1,0,1,1,0,0,0,0,1,0,0,0,0,0,1,0,1,0,0,0,0,1,0,1
0,13,49,649,0,0,0,0,1,0,0,0,0,0,0,0,0,1,0,0,0,1,0,1,0,0,0,0,1,0,0
0,44,20,926,1,1,1,1,0,0,0,1,1,0,1,0,1,0,1,0,1,0,1,0,1,0,0,0,0,0,0
1,46,80,3605,1,1,0,1,0,0,1,0,0,0,0,0,0,0,0,0,0,0,0,1,0,0,1,0,1,0,0
0,56,98,5669,0,1,0,1,0,0,1,0,0,0,0,0,0,1,0,1,0,1,0,1,0,0,1,0,1,0,0
1,2,44,92,1,0,0,1,0,0,0,0,0,0,0,0,0,0,0,0,0,0,0,0,0,0,1,0,1,0,1
0,6,18,110,1,0,0,1,0,0,0,1,1,0,1,0,1,0,1,0,1,0,1,0,0,0,0,0,0,1,0
1,48,29,1388,0,1,1,0,1,0,0,0,0,0,0,1,0,0,0,0,0,0,0,0,1,0,0,0,0,0,0
0,68,78,5333,0,1,1,1,0,1,0,0,0,1,0,1,0,1,0,1,0,0,0,1,1,0,1,0,1,0,0
0,31,80,2429,1,0,0,1,0,1,1,0,0,0,0,1,0,0,0,0,0,0,0,0,0,0,1,0,1,0,1
0,12,112,1384,1,0,0,1,0,1,1,0,0,0,0,1,0,1,0,1,0,1,0,1,0,0,1,0,0,1,1
0,1,70,70,0,0,0,1,0,0,1,0,0,0,0,0,0,0,0,0,0,0,0,0,0,0,1,0,1,0,1
1,72,89,6352,0,1,0,1,0,1,0,0,0,1,0,1,0,1,0,1,0,1,0,1,0,1,0,1,0,0,0
1,5,20,94,1,0,0,1,0,0,0,1,1,0,1,0,1,0,1,0,1,0,1,0,0,0,0,0,0,0,0
0,3,75,244,0,0,0,1,0,0,0,0,0,0,0,1,0,0,0,1,0,1,0,1,0,0,1,0,1,0,0
0,63,102,6444,1,1,0,1,0,1,1,0,0,0,0,1,0,1,0,0,0,1,0,1,0,0,1,0,1,0,0
0,67,72,4991,0,0,0,1,0,0,0,0,0,1,0,0,0,1,0,1,0,0,0,1,1,0,1,0,0,0,0
0,66,66,4428,1,1,0,1,0,1,0,0,0,1,0,1,0,1,0,0,0,0,0,0,0,1,1,1,0,0,0
0,23,20,473,1,0,0,1,0,0,0,1,1,0,1,0,1,0,1,0,1,0,1,0,0,0,0,0,1,0,0
0,8,21,139,0,1,1,1,0,0,0,1,1,0,1,0,1,0,1,0,1,0,1,0,0,0,0,1,0,0,0
0,64,19,1208,0,1,0,1,0,0,0,1,1,0,1,0,1,0,1,0,1,0,1,0,0,1,0,1,0,0,0
0,16,49,810,0,1,0,0,1,0,0,0,0,0,0,0,0,0,0,1,0,1,0,1,0,0,1,0,1,0,0
1,17,94,1608,0,0,0,1,0,1,1,0,0,0,0,0,0,0,0,0,0,1,0,1,0,0,1,0,1,0,1
0,1,19,19,0,0,0,1,0,0,0,1,1,0,1,0,1,0,1,0,1,0,1,0,0,0,0,0,0,1,0
0,72,100,7325,1,1,0,1,0,1,1,0,0,1,0,1,0,0,0,1,0,0,0,1,0,1,1,0,0,0,0
0,15,100,1415,0,0,0,1,0,1,1,0,0,0,0,1,0,0,0,0,0,1,0,1,0,0,1,0,1,0,1
0,60,80,4847,0,0,0,1,0,1,0,0,0,0,0,0,0,1,0,1,0,1,0,1,1,0,0,1,0,0,0
0,15,55,899,0,0,0,1,0,1,0,0,0,1,0,0,0,0,0,0,0,0,0,0,0,0,1,0,0,1,0
0,1,95,95,0,0,0,1,0,1,1,0,0,0,0,0,0,0,0,0,0,1,0,1,0,0,0,0,0,1,1
0,8,38,330,0,0,1,0,1,0,0,0,0,1,0,0,0,0,0,0,0,0,0,1,0,0,1,0,1,0,0
0,63,79,4786,0,1,0,1,0,1,0,0,0,1,0,1,0,0,0,0,0,1,0,1,1,0,1,1,0,0,0
0,1,44,44,1,0,0,1,0,0,0,0,0,0,0,0,0,0,0,0,0,0,0,0,0,0,1,0,1,0,1
0,1,48,48,1,0,0,1,0,0,0,0,0,1,0,0,0,0,0,0,0,0,0,0,0,0,1,0,0,1,0
0,1,54,54,0,0,1,1,0,0,0,0,0,1,0,0,0,0,0,1,0,0,0,0,0,0,0,0,1,0,1
1,56,95,5471,0,1,0,1,0,1,1,0,0,1,0,1,0,1,0,1,0,0,0,0,1,0,0,0,1,0,0
0,35,61,2130,1,1,0,1,0,0,0,0,0,1,0,1,0,1,0,0,0,0,0,0,0,0,0,0,0,1,0
0,22,87,1850,1,1,0,1,0,0,1,0,0,0,0,0,0,1,0,0,0,1,0,0,0,0,1,0,0,0,0
0,1,19,19,1,0,0,1,0,0,0,1,1,0,1,0,1,0,1,0,1,0,1,0,0,0,1,0,0,1,0
0,50,93,4747,1,0,0,1,0,0,1,0,0,1,0,1,0,0,0,1,0,0,0,1,0,0,1,1,0,0,0
0,41,80,3439,1,1,0,1,0,1,1,0,0,0,0,1,0,0,0,0,0,0,0,0,0,0,1,0,1,0,0
0,39,100,3835,1,1,1,1,0,1,1,0,0,0,0,0,0,1,0,0,0,1,0,1,1,0,0,0,1,0,0
0,1,53,53,1,0,0,1,0,0,0,0,0,1,0,0,0,0,0,1,0,0,0,0,0,0,1,0,1,0,1
0,8,56,401,0,1,1,1,0,0,0,0,0,0,0,1,0,0,0,1,0,0,0,0,0,0,0,0,0,0,0
0,20,78,1641,1,0,0,1,0,0,1,0,0,0,0,0,0,0,0,0,0,1,0,0,0,0,0,0,1,0,0
1,51,93,4750,1,1,0,1,0,1,1,0,0,1,0,0,0,1,0,0,0,1,0,0,0,0,1,0,0,0,0
1,1,74,74,1,0,0,1,0,0,1,0,0,0,0,0,0,0,0,1,0,0,0,0,0,0,0,0,1,0,1
1,72,84,6141,1,1,0,1,0,0,1,0,0,1,0,1,0,0,0,1,0,0,0,0,0,1,1,1,0,0,0
1,24,93,2231,1,1,0,1,0,0,1,0,0,0,0,0,0,1,0,0,0,1,0,1,0,0,1,0,1,0,1
0,56,19,1051,0,0,0,1,0,0,0,1,1,0,1,0,1,0,1,0,1,0,1,0,0,1,0,0,0,0,0
0,53,99,5424,0,0,0,1,0,0,1,0,0,1,0,1,0,1,0,1,0,0,0,1,0,1,0,0,0,1,0
0,47,54,2538,1,1,1,1,0,1,0,0,0,0,0,1,0,0,0,0,0,0,0,0,0,0,0,0,1,0,0
0,72,109,7711,0,1,1,1,0,1,1,0,0,0,0,1,0,1,0,1,0,1,0,1,0,1,1,0,0,0,0
0,11,74,834,1,1,1,1,0,1,1,0,0,0,0,0,0,0,0,0,0,0,0,0,0,0,1,0,1,0,1
1,60,116,6925,0,1,0,1,0,1,1,0,0,1,0,1,0,1,0,1,0,1,0,1,0,1,1,0,0,0,0
1,19,88,1775,1,0,0,1,0,1,1,0,0,0,0,1,0,0,0,0,0,1,0,0,0,0,1,0,1,0,1
0,1,21,21,1,0,1,1,0,0,0,1,1,0,1,0,1,0,1,0,1,0,1,0,0,0,1,0,0,1,0
0,32,54,1739,0,0,0,1,0,1,0,0,0,0,0,1,0,0,0,0,0,0,0,0,0,0,1,0,1,0,0
0,8,19,169,1,1,1,1,0,0,0,1,1,0,1,0,1,0,1,0,1,0,1,0,0,0,0,1,0,0,0
0,5,75,392,1,0,0,1,0,0,0,0,0,0,0,0,0,1,0,1,0,1,0,1,0,0,0,0,0,0,0
0,36,19,679,0,0,0,1,0,0,0,1,1,0,1,0,1,0,1,0,1,0,1,0,1,0,1,0,0,0,0
0,23,90,1943,1,0,0,1,0,1,1,0,0,0,0,0,0,0,0,1,0,1,0,0,0,0,1,0,1,0,0
0,5,69,324,1,0,0,1,0,0,1,0,0,0,0,0,0,0,0,0,0,0,0,0,0,0,1,0,1,0,1
0,38,20,746,0,1,1,1,0,0,0,1,1,0,1,0,1,0,1,0,1,0,1,0,0,1,1,0,0,1,0
0,1,75,75,1,0,0,1,0,1,1,0,0,0,0,0,0,0,0,0,0,0,0,0,0,0,1,0,1,0,1
0,42,79,3313,1,0,0,1,0,1,1,0,0,0,0,0,0,1,0,0,0,0,0,0,0,0,0,0,1,0,0
1,70,45,3264,1,0,0,0,1,0,0,0,0,0,0,0,0,0,0,0,0,1,0,1,1,0,1,0,1,0,0
0,2,19,46,1,0,0,1,0,0,0,1,1,0,1,0,1,0,1,0,1,0,1,0,0,0,0,0,0,1,0
1,1,69,69,0,0,0,1,0,0,1,0,0,0,0,0,0,0,0,0,0,0,0,0,0,0,1,0,1,0,1
0,2,29,44,0,1,1,0,1,0,0,0,0,0,0,0,0,0,0,1,0,0,0,0,0,0,0,0,0,0,0
0,2,76,162,1,0,0,1,0,1,1,0,0,0,0,0,0,0,0,0,0,0,0,0,0,0,1,0,1,0,1
0,41,98,3990,0,0,0,1,0,1,1,0,0,0,0,0,0,1,0,0,0,1,0,1,0,0,0,0,0,0,0
0,1,51,51,1,0,0,1,0,0,0,0,0,1,0,0,0,0,0,0,0,0,0,0,0,0,0,0,0,1,0
0,70,90,6237,1,1,1,1,0,1,0,0,0,1,0,1,0,1,0,1,0,1,0,1,0,1,1,1,0,0,0
0,31,59,1882,1,1,0,1,0,1,0,0,0,0,0,0,0,0,0,0,0,1,0,0,0,0,1,1,0,0,0
0,18,69,1221,0,0,0,1,0,0,1,0,0,0,0,0,0,0,0,0,0,0,0,0,0,0,1,0,1,0,0
0,1,30,30,0,0,0,0,1,0,0,0,0,0,0,0,0,0,0,1,0,0,0,0,0,0,0,0,0,1,0
0,14,18,255,0,1,1,1,0,0,0,1,1,0,1,0,1,0,1,0,1,0,1,0,0,1,0,0,0,1,0
0,72,79,5753,1,1,0,1,0,0,0,0,0,1,0,1,0,0,0,1,0,1,0,1,0,1,1,0,0,0,0
0,58,24,1519,0,0,0,1,0,1,0,1,1,0,1,0,1,0,1,0,1,0,1,0,0,1,1,1,0,0,0
0,34,64,2088,0,0,0,1,0,1,0,0,0,1,0,1,0,0,0,1,0,0,0,0,1,0,1,0,0,1,0
0,2,19,52,0,1,0,1,0,0,0,1,1,0,1,0,1,0,1,0,1,0,1,0,0,0,0,0,0,0,0
0,14,84,1203,0,1,1,1,0,1,1,0,0,0,0,0,0,0,0,0,0,1,0,0,0,0,1,0,1,0,1
0,61,88,5526,0,1,1,1,0,1,0,0,0,1,0,1,0,1,0,1,0,1,0,1,0,1,0,0,0,1,0
0,38,105,4026,0,1,0,1,0,1,1,0,0,0,0,0,0,1,0,1,0,1,0,1,0,0,1,0,1,0,0
0,58,93,5435,0,1,1,1,0,1,1,0,0,1,0,1,0,0,0,0,0,0,0,1,0,0,1,0,0,0,0
0,2,70,132,1,0,0,1,0,0,0,0,0,0,0,0,0,0,0,1,0,1,0,1,0,0,0,0,1,0,0
0,1,20,20,1,0,1,1,0,0,0,1,1,0,1,0,1,0,1,0,1,0,1,0,0,0,0,0,0,1,0
0,39,80,3201,0,0,0,1,0,0,1,0,0,0,0,0,0,1,0,1,0,0,0,0,0,1,1,0,1,0,0
0,68,76,5023,1,0,0,1,0,1,0,0,0,1,0,1,0,1,0,0,0,0,0,1,1,0,1,1,0,0,0
0,31,21,697,0,1,1,1,0,0,0,1,1,0,1,0,1,0,1,0,1,0,1,0,0,1,0,0,0,1,0
0,55,69,3842,0,1,1,1,0,0,1,0,0,0,0,0,0,0,0,0,0,0,0,0,0,1,1,1,0,0,0
0,14,90,1259,0,1,1,1,0,1,1,0,0,0,0,1,0,0,0,0,0,0,0,1,0,0,1,0,0,0,0
1,55,100,5509,0,0,0,1,0,1,1,0,0,0,0,0,0,1,0,0,0,1,0,1,1,0,1,0,1,0,0
0,25,105,2686,1,0,0,1,0,0,1,0,0,1,0,0,0,1,0,1,0,1,0,1,0,0,1,0,1,0,0
0,72,89,6339,1,1,1,1,0,1,0,0,0,1,0,1,0,1,0,1,0,1,0,1,0,1,0,1,0,0,0
1,6,80,457,1,1,0,1,0,1,1,0,0,0,0,0,0,1,0,0,0,0,0,0,0,0,1,0,1,0,1
1,45,86,3861,0,1,0,1,0,0,1,0,0,0,0,0,0,1,0,0,0,0,0,1,0,0,1,0,1,0,0
0,56,59,3457,1,1,1,1,0,0,0,0,0,1,0,1,0,1,0,0,0,0,0,0,0,1,1,0,0,0,0
0,13,35,446,0,0,0,0,1,0,0,0,0,0,0,0,0,0,0,0,0,0,0,1,0,0,1,0,1,0,0
0,28,104,3046,0,1,0,1,0,1,1,0,0,0,0,0,0,1,0,1,0,1,0,1,0,0,1,0,1,0,1
0,7,44,313,0,1,0,1,0,0,0,0,0,0,0,0,0,0,0,0,0,0,0,0,0,0,1,0,0,1,0
1,18,103,1806,0,0,0,1,0,1,1,0,0,0,0,1,0,0,0,1,0,1,0,1,0,0,1,1,0,0,0
0,46,94,4422,1,0,0,1,0,1,1,0,0,0,0,1,0,1,0,0,0,1,0,0,1,0,1,1,0,0,0
0,64,25,1584,0,1,0,1,0,1,0,1,1,0,1,0,1,0,1,0,1,0,1,0,0,1,0,1,0,0,0
0,4,46,193,0,0,0,1,0,0,0,0,0,0,0,0,0,0,0,0,0,0,0,0,0,0,1,0,0,1,0
0,71,47,3377,0,1,0,0,1,0,0,0,0,1,0,1,0,1,0,1,0,0,0,0,0,1,1,0,0,0,0
0,38,20,781,0,1,1,1,0,0,0,1,1,0,1,0,1,0,1,0,1,0,1,0,0,0,0,0,0,1,0
0,55,19,1001,1,0,1,1,0,0,0,1,1,0,1,0,1,0,1,0,1,0,1,0,1,0,0,0,0,0,0
1,1,85,85,0,0,0,1,0,0,1,0,0,0,0,0,0,1,0,0,0,0,0,1,0,0,1,0,1,0,1
0,11,94,999,0,0,0,1,0,0,1,0,0,0,0,1,0,1,0,1,0,0,0,1,0,0,1,0,1,0,1
0,63,103,6603,1,1,0,1,0,1,1,0,0,0,0,1,0,1,0,0,0,1,0,1,0,0,1,0,1,0,0
1,66,80,5265,0,1,0,1,0,1,0,0,0,0,0,1,0,1,0,0,0,1,0,1,0,1,1,0,0,0,0
1,22,96,2082,1,0,0,1,0,1,1,0,0,0,0,0,0,0,0,0,0,1,0,1,0,0,1,0,1,0,1
0,5,84,424,0,0,0,1,0,1,1,0,0,0,0,0,0,0,0,0,0,1,0,0,0,0,1,0,1,0,1
1,18,49,865,0,0,0,1,0,0,0,0,0,0,0,1,0,0,0,0,0,0,0,0,0,0,1,1,0,0,0
0,20,19,406,0,0,0,1,0,0,0,1,1,0,1,0,1,0,1,0,1,0,1,0,0,1,0,0,0,1,0
1,18,99,1836,0,1,0,1,0,1,1,0,0,0,0,0,0,0,0,1,0,1,0,1,0,0,0,0,0,0,0
0,65,108,6937,1,1,1,1,0,1,1,0,0,1,0,0,0,1,0,1,0,1,0,1,0,1,0,0,0,0,0
0,69,86,6194,1,1,1,1,0,1,0,0,0,1,0,0,0,1,0,1,0,1,0,1,0,1,0,0,0,0,0
0,52,64,3410,0,1,0,1,0,0,0,0,0,1,0,0,0,1,0,0,0,1,0,0,1,0,1,0,0,1,0
0,2,80,181,1,0,0,1,0,0,1,0,0,0,0,0,0,0,0,0,0,0,0,1,0,0,1,0,1,0,1
1,48,104,5068,0,1,1,1,0,0,1,0,0,1,0,0,0,1,0,1,0,1,0,1,0,0,1,0,1,0,0
0,42,84,3588,0,1,0,1,0,1,1,0,0,0,0,0,0,1,0,1,0,0,0,0,0,0,1,0,1,0,0
1,23,104,2184,1,1,0,1,0,1,1,0,0,0,0,1,0,1,0,0,0,1,0,1,0,0,1,0,1,0,1
0,72,103,7346,1,1,0,1,0,1,1,0,0,0,0,1,0,1,0,0,0,1,0,1,0,1,1,0,0,0,0
0,24,24,587,1,1,1,1,0,1,0,1,1,0,1,0,1,0,1,0,1,0,1,0,0,1,1,0,0,0,0
0,7,29,201,0,0,1,0,1,0,0,0,0,1,0,0,0,0,0,0,0,0,0,0,0,0,0,0,0,1,0
0,66,92,6056,0,0,0,1,0,1,1,0,0,0,0,0,0,1,0,0,0,1,0,0,1,0,1,0,0,0,0
0,67,118,7804,1,0,0,1,0,1,1,0,0,1,0,1,0,1,0,1,0,1,0,1,1,0,1,0,0,0,0
0,47,104,5135,1,1,0,1,0,1,1,0,0,0,0,1,0,1,0,0,0,1,0,1,0,0,1,0,1,0,1
1,47,99,4747,0,1,0,1,0,1,1,0,0,0,0,0,0,1,0,0,0,1,0,1,0,0,0,0,1,0,1
0,2,53,119,1,0,0,1,0,0,0,0,0,1,0,0,0,1,0,0,0,0,0,0,0,0,0,0,1,0,0
0,12,25,274,0,1,1,1,0,1,0,1,1,0,1,0,1,0,1,0,1,0,1,0,0,1,0,1,0,0,0
0,3,70,220,1,0,0,1,0,0,1,0,0,0,0,0,0,0,0,0,0,0,0,0,0,0,1,0,0,1,1
1,69,95,6382,1,1,0,1,0,1,1,0,0,0,0,1,0,1,0,0,0,0,0,1,0,0,1,0,0,0,0
0,1,79,79,1,0,0,1,0,0,1,0,0,0,0,0,0,0,0,0,0,1,0,0,0,0,1,0,1,0,1
0,8,43,345,1,1,1,1,0,0,0,0,0,0,0,0,0,0,0,0,0,0,0,0,1,0,1,0,0,1,0
0,3,105,323,1,0,0,1,0,1,1,0,0,0,0,1,0,1,0,0,0,1,0,1,0,0,1,0,0,0,1
0,30,51,1561,0,1,1,0,1,0,0,0,0,0,0,0,0,0,0,1,0,1,0,1,0,0,0,1,0,0,0
0,29,75,2243,1,0,0,1,0,0,0,0,0,0,0,0,0,1,0,1,0,1,0,1,1,0,1,0,0,0,0
0,40,20,827,0,0,0,1,0,0,0,1,1,0,1,0,1,0,1,0,1,0,1,0,0,1,1,0,0,0,0
0,72,86,6094,1,1,0,1,0,1,0,0,0,1,0,0,0,1,0,1,0,1,0,1,0,1,0,1,0,0,0
0,48,111,5315,1,1,0,1,0,1,1,0,0,1,0,1,0,1,0,0,0,1,0,1,0,0,1,0,0,0,0
1,47,85,4042,1,0,0,1,0,0,1,0,0,1,0,0,0,0,0,0,0,0,0,1,0,0,0,0,0,1,0
1,4,20,91,0,0,0,1,0,0,0,1,1,0,1,0,1,0,1,0,1,0,1,0,0,0,0,0,0,1,0
0,72,114,8289,1,1,1,1,0,1,1,0,0,1,0,1,0,1,0,1,0,1,0,1,0,1,1,1,0,0,0
0,1,19,19,1,0,0,1,0,0,0,1,1,0,1,0,1,0,1,0,1,0,1,0,0,0,1,1,0,0,0
0,52,25,1334,1,0,1,1,0,1,0,1,1,0,1,0,1,0,1,0,1,0,1,0,0,1,0,1,0,0,0
0,5,24,100,1,1,0,0,1,0,0,0,0,0,0,0,0,0,0,0,0,0,0,0,0,0,1,0,1,0,1
0,22,20,488,1,1,1,1,0,0,0,1,1,0,1,0,1,0,1,0,1,0,1,0,1,0,0,0,0,0,0
0,18,61,1087,0,1,1,1,0,0,0,0,0,1,0,1,0,0,0,1,0,0,0,0,1,0,1,0,0,1,0
0,54,24,1342,0,1,1,1,0,1,0,1,1,0,1,0,1,0,1,0,1,0,1,0,1,0,1,0,0,0,0
0,25,20,541,1,0,0,1,0,0,0,1,1,0,1,0,1,0,1,0,1,0,1,0,0,0,0,0,0,1,0
0,38,20,743,0,0,0,1,0,0,0,1,1,0,1,0,1,0,1,0,1,0,1,0,0,1,0,0,0,1,0
0,2,70,141,0,1,0,1,0,0,1,0,0,0,0,0,0,0,0,0,0,0,0,0,0,0,1,0,1,0,1
0,2,54,117,0,0,0,1,0,1,0,0,0,0,0,0,0,0,0,1,0,0,0,0,0,0,1,0,0,1,1
0,7,70,450,0,0,0,1,0,0,0,0,0,0,0,0,0,0,0,1,0,1,0,1,0,0,1,1,0,0,0
0,4,56,234,1,0,0,1,0,0,0,0,0,0,0,0,0,0,0,0,0,1,0,0,0,0,1,0,1,0,0
0,3,29,91,0,1,1,0,1,0,0,0,0,1,0,0,0,0,0,0,0,0,0,0,0,0,0,1,0,0,0
0,53,19,1110,1,1,0,1,0,0,0,1,1,0,1,0,1,0,1,0,1,0,1,0,0,1,0,1,0,0,0
0,17,20,337,0,0,0,1,0,0,0,1,1,0,1,0,1,0,1,0,1,0,1,0,1,0,0,1,0,0,0
0,70,44,3058,0,0,0,0,1,0,0,0,0,1,0,1,0,1,0,1,0,0,0,0,0,1,1,0,0,0,0
0,25,94,2362,1,0,0,1,0,1,1,0,0,0,0,0,0,0,0,0,0,1,0,1,0,0,1,0,0,0,0
0,1,20,20,1,0,0,1,0,0,0,1,1,0,1,0,1,0,1,0,1,0,1,0,0,0,0,0,0,1,0
0,1,49,49,0,0,0,1,0,0,0,0,0,1,0,0,0,0,0,0,0,0,0,0,0,0,0,0,0,0,0
1,24,20,459,0,0,0,1,0,0,0,1,1,0,1,0,1,0,1,0,1,0,1,0,0,0,1,0,0,1,0
1,3,91,289,1,0,0,1,0,1,1,0,0,0,0,0,0,1,0,0,0,1,0,0,0,0,0,0,1,0,1
0,48,23,1173,1,1,1,1,0,1,0,1,1,0,1,0,1,0,1,0,1,0,1,0,0,1,0,0,0,1,0
0,66,62,4136,0,0,0,0,1,0,0,0,0,1,0,1,0,1,0,1,0,1,0,1,0,1,1,0,0,0,0
0,19,100,1875,1,1,1,1,0,1,1,0,0,0,0,0,0,0,0,1,0,1,0,1,1,0,1,0,1,0,0
0,1,50,50,0,0,0,1,0,0,0,0,0,0,0,0,0,1,0,0,0,0,0,0,0,0,1,0,0,1,1
0,72,25,1787,0,1,1,1,0,1,0,1,1,0,1,0,1,0,1,0,1,0,1,0,0,1,0,0,0,0,0
0,10,19,193,1,0,0,1,0,0,0,1,1,0,1,0,1,0,1,0,1,0,1,0,0,0,1,0,0,1,0
0,54,65,3566,1,1,1,1,0,1,0,0,0,1,0,1,0,0,0,1,0,0,0,0,0,1,1,1,0,0,0
0,71,24,1836,0,1,0,1,0,1,0,1,1,0,1,0,1,0,1,0,1,0,1,0,0,1,0,0,0,0,0
0,27,75,1929,1,1,1,1,0,1,1,0,0,0,0,0,0,0,0,0,0,0,0,0,0,0,1,0,0,0,0
0,57,19,1134,0,1,0,1,0,0,0,1,1,0,1,0,1,0,1,0,1,0,1,0,0,1,1,0,0,0,0
0,10,70,676,0,1,1,1,0,1,0,0,0,1,0,1,0,0,0,0,0,1,0,0,1,0,0,0,1,0,0
1,2,81,162,0,0,0,1,0,0,1,0,0,0,0,0,0,0,0,0,0,1,0,0,0,0,0,0,0,1,1
0,34,79,2727,0,0,0,1,0,0,0,0,0,1,0,0,0,1,0,1,0,1,0,1,1,0,1,0,0,0,0
1,19,34,577,1,1,0,0,1,0,0,0,0,0,0,1,0,1,0,0,0,0,0,0,0,0,1,1,0,0,0
0,17,70,1144,0,0,0,1,0,0,1,0,0,0,0,0,0,0,0,0,0,0,0,0,0,0,1,0,1,0,1
0,66,29,1983,1,0,0,0,1,0,0,0,0,0,0,0,0,0,0,1,0,0,0,0,1,0,0,1,0,0,0
0,31,79,2404,0,0,0,1,0,1,1,0,0,0,0,0,0,0,0,1,0,0,0,0,0,0,1,1,0,0,0
0,56,45,2560,0,0,0,0,1,0,0,0,0,1,0,1,0,1,0,1,0,0,0,0,0,1,0,0,0,0,0
0,49,100,5069,1,0,1,1,0,1,1,0,0,0,0,0,0,0,0,1,0,1,0,1,1,0,1,0,0,0,0
0,27,56,1567,1,0,1,1,0,0,0,0,0,1,0,1,0,0,0,0,0,0,0,0,1,0,0,0,0,1,0
0,45,73,3349,0,0,0,1,0,1,0,0,0,1,0,0,0,0,0,1,0,0,0,1,0,1,0,0,0,1,0
0,1,25,25,1,0,0,0,1,0,0,0,0,0,0,0,0,0,0,0,0,0,0,0,0,0,0,0,0,1,1
0,3,19,57,0,0,0,1,0,0,0,1,1,0,1,0,1,0,1,0,1,0,1,0,0,0,0,0,0,1,0
0,35,61,2021,1,0,0,1,0,0,0,0,0,1,0,1,0,1,0,0,0,0,0,0,1,0,0,0,0,1,0
1,5,78,378,0,0,0,1,0,0,1,0,0,0,0,0,0,0,0,0,0,0,0,1,0,0,0,0,1,0,1
0,54,79,4308,1,0,0,1,0,1,1,0,0,0,0,1,0,0,0,0,0,0,0,0,0,0,1,0,0,0,0
0,13,19,244,0,0,0,1,0,0,0,1,1,0,1,0,1,0,1,0,1,0,1,0,1,0,0,0,1,0,0
1,3,94,335,1,0,0,1,0,1,1,0,0,0,0,0,0,0,0,0,0,1,0,1,0,0,1,0,1,0,1
0,9,75,655,0,1,0,1,0,0,1,0,0,0,0,0,0,1,0,0,0,0,0,0,0,0,1,0,0,0,1
0,24,56,1381,0,0,0,1,0,0,0,0,0,1,0,0,0,0,0,1,0,0,0,0,0,0,0,1,0,0,0
0,9,68,576,1,0,0,1,0,0,0,0,0,1,0,0,0,1,0,1,0,0,0,1,0,0,1,0,0,0,0
0,70,65,4543,0,1,1,1,0,1,0,0,0,1,0,0,0,0,0,0,0,0,0,1,1,0,0,0,0,0,0
0,72,110,7982,0,1,0,1,0,1,1,0,0,0,0,1,0,1,0,1,0,1,0,1,0,1,1,0,0,0,0
0,45,109,4900,1,1,1,1,0,1,1,0,0,0,0,1,0,1,0,1,0,1,0,1,0,1,1,0,0,0,0
0,39,40,1630,0,0,0,0,1,0,0,0,0,1,0,1,0,0,0,1,0,0,0,0,1,0,1,0,0,0,0
0,51,96,4911,1,1,0,1,0,1,1,0,0,1,0,1,0,0,0,0,0,0,0,1,1,0,1,1,0,0,0
0,1,20,20,1,0,0,1,0,0,0,1,1,0,1,0,1,0,1,0,1,0,1,0,0,0,1,0,0,1,0
0,29,25,712,0,0,0,0,1,0,0,0,0,0,0,0,0,0,0,0,0,0,0,0,0,0,1,1,0,0,0
0,22,24,493,1,0,0,1,0,1,0,1,1,0,1,0,1,0,1,0,1,0,1,0,0,0,1,1,0,0,0
1,20,85,1727,0,0,0,1,0,1,1,0,0,0,0,0,0,0,0,0,0,0,0,1,0,0,1,1,0,0,1
0,8,29,216,1,0,0,0,1,0,0,0,0,1,0,0,0,0,0,0,0,0,0,0,0,0,0,0,0,1,0
0,15,84,1308,0,1,0,1,0,0,1,0,0,0,0,0,0,1,0,0,0,1,0,0,0,0,1,0,1,0,1
0,1,50,50,1,0,0,1,0,0,0,0,0,1,0,0,0,0,0,0,0,0,0,0,0,0,1,0,0,1,0
0,54,60,3273,0,1,1,1,0,1,0,0,0,1,0,0,0,0,0,1,0,0,0,0,0,1,0,0,0,0,0
0,18,19,309,0,1,1,1,0,0,0,1,1,0,1,0,1,0,1,0,1,0,1,0,0,1,0,0,0,1,0
1,18,59,1011,1,1,0,1,0,0,0,0,0,1,0,0,0,0,0,0,0,0,0,1,0,0,1,1,0,0,0
0,72,45,3139,1,1,1,0,1,0,0,0,0,1,0,1,0,1,0,1,0,0,0,0,0,1,0,1,0,0,0
0,33,24,740,0,1,1,1,0,1,0,1,1,0,1,0,1,0,1,0,1,0,1,0,0,1,1,0,0,1,0
0,7,69,515,0,0,0,1,0,0,1,0,0,0,0,0,0,0,0,0,0,0,0,0,0,0,1,0,0,0,1
0,44,54,2390,1,1,0,0,1,0,0,0,0,0,0,1,0,1,0,0,0,1,0,1,0,1,0,0,0,0,0
0,2,74,147,0,0,0,1,0,1,1,0,0,0,0,0,0,0,0,0,0,0,0,0,0,0,0,1,0,0,1
0,58,80,4807,1,0,0,1,0,1,1,0,0,0,0,0,0,0,0,1,0,0,0,0,0,0,0,0,0,0,0
0,2,94,167,1,1,0,1,0,0,1,0,0,0,0,0,0,0,0,1,0,1,0,1,0,0,1,0,1,0,1
0,17,19,340,0,0,0,1,0,0,0,1,1,0,1,0,1,0,1,0,1,0,1,0,0,0,0,1,0,0,0
0,36,104,3886,0,0,0,1,0,1,1,0,0,0,0,1,0,1,0,0,0,1,0,1,1,0,1,0,0,0,0
1,71,89,6435,0,1,0,1,0,0,1,0,0,0,0,1,0,1,0,0,0,0,0,1,0,1,0,1,0,0,0
1,67,75,5060,1,0,0,1,0,1,1,0,0,0,0,0,0,0,0,0,0,0,0,0,0,0,1,0,0,1,0
0,17,49,836,1,1,0,0,1,0,0,0,0,0,0,1,0,0,0,0,0,1,0,1,0,0,1,0,0,1,0
0,67,112,7388,0,1,1,1,0,1,1,0,0,0,0,1,0,1,0,1,0,1,0,1,1,0,1,1,0,0,0
0,65,105,6631,1,0,0,1,0,1,1,0,0,0,0,1,0,1,0,0,0,1,0,1,0,1,0,1,0,0,0
0,1,68,68,1,1,1,1,0,0,1,0,0,0,0,0,0,0,0,0,0,0,0,0,0,0,1,0,1,0,1
0,7,81,576,0,1,0,1,0,0,1,0,0,0,0,0,0,0,0,0,0,1,0,0,0,0,1,0,1,0,1
0,11,20,196,0,1,1,1,0,0,0,1,1,0,1,0,1,0,1,0,1,0,1,0,1,0,1,0,0,1,0
0,69,116,8182,0,1,0,1,0,1,1,0,0,1,0,1,0,1,0,1,0,1,0,1,0,1,1,0,1,0,0
0,70,19,1303,0,1,0,1,0,0,0,1,1,0,1,0,1,0,1,0,1,0,1,0,0,1,0,0,0,0,0
0,72,64,4528,0,1,1,0,1,0,0,0,0,1,0,1,0,1,0,1,0,1,0,1,0,1,0,0,0,0,0
0,7,73,511,0,0,0,1,0,1,1,0,0,0,0,0,0,0,0,0,0,0,0,0,0,0,1,0,1,0,1
0,3,69,220,1,0,1,1,0,0,1,0,0,0,0,0,0,0,0,0,0,0,0,0,0,0,0,0,1,0,1
0,72,85,6151,1,1,0,1,0,1,0,0,0,0,0,1,0,1,0,1,0,1,0,1,0,1,0,0,0,0,0
0,16,93,1573,0,0,0,1,0,0,1,0,0,0,0,1,0,1,0,0,0,0,0,1,0,0,1,1,0,0,0
0,38,20,741,0,0,0,1,0,0,0,1,1,0,1,0,1,0,1,0,1,0,1,0,0,1,0,0,0,1,0
0,1,70,70,0,0,0,1,0,0,1,0,0,0,0,0,0,0,0,0,0,0,0,0,0,0,1,0,1,0,1
0,1,42,42,1,0,0,1,0,0,0,0,0,0,0,0,0,0,0,0,0,0,0,0,0,0,1,0,1,0,1
0,42,33,1445,0,1,0,0,1,0,0,0,0,0,0,1,0,0,0,1,0,0,0,0,1,0,0,0,0,1,0
1,3,75,202,0,0,0,1,0,0,1,0,0,0,0,0,0,1,0,0,0,0,0,0,0,0,0,0,0,1,1
0,35,108,4025,1,0,0,1,0,1,1,0,0,1,0,0,0,1,0,1,0,1,0,1,0,1,1,0,1,0,0
0,72,114,8058,1,1,1,1,0,1,1,0,0,1,0,1,0,1,0,1,0,1,0,1,0,1,1,1,0,0,0
0,64,25,1714,0,1,0,1,0,1,0,1,1,0,1,0,1,0,1,0,1,0,1,0,0,1,0,0,0,1,0
0,1,45,45,1,0,0,1,0,0,0,0,0,0,0,0,0,0,0,0,0,0,0,0,0,0,0,0,1,0,1
0,12,54,690,0,1,0,1,0,0,0,0,0,1,0,0,0,0,0,1,0,0,0,0,0,0,0,0,0,0,0
1,10,89,914,1,1,0,1,0,1,1,0,0,0,0,0,0,1,0,0,0,0,0,1,0,0,1,0,1,0,1
0,15,19,297,0,0,0,1,0,0,0,1,1,0,1,0,1,0,1,0,1,0,1,0,0,0,0,0,0,0,0
1,29,45,1228,0,1,0,0,1,0,0,0,0,1,0,0,0,1,0,0,0,0,0,1,0,0,1,0,1,0,0
0,63,80,4896,1,1,1,1,0,0,1,0,0,0,0,1,0,1,0,0,0,0,0,0,0,0,1,1,0,0,0
0,36,104,3684,0,1,1,1,0,1,1,0,0,1,0,0,0,1,0,0,0,1,0,1,0,0,1,1,0,0,0
0,55,94,5073,0,1,0,1,0,1,1,0,0,0,0,1,0,1,0,0,0,1,0,0,0,0,1,1,0,0,0
0,72,106,7548,1,1,1,1,0,1,1,0,0,1,0,1,0,1,0,1,0,1,0,0,0,1,1,1,0,0,0
0,5,64,370,0,0,0,1,0,1,0,0,0,0,0,1,0,0,0,0,0,0,0,1,0,0,1,0,1,0,0
0,16,74,1170,1,0,0,1,0,0,1,0,0,0,0,0,0,0,0,1,0,0,0,0,0,0,1,1,0,0,0
0,49,84,3906,0,0,0,1,0,1,1,0,0,0,0,0,0,0,0,0,0,0,0,1,0,0,1,0,1,0,0
0,66,91,6075,1,1,0,1,0,1,0,0,0,1,0,1,0,1,0,1,0,1,0,1,0,1,0,0,0,0,0
0,72,90,6652,0,1,1,1,0,1,0,0,0,1,0,1,0,1,0,1,0,1,0,1,0,1,0,1,0,0,0
0,5,40,223,1,0,0,0,1,0,0,0,0,1,0,0,0,1,0,1,0,0,0,0,0,0,0,0,0,1,0
0,71,87,6328,0,1,1,1,0,0,0,0,0,1,0,1,0,1,0,1,0,1,0,1,0,1,0,1,0,0,0
0,30,49,1441,1,1,0,1,0,1,0,0,0,0,0,0,0,0,0,0,0,0,0,0,0,0,0,0,1,0,0
0,18,83,1611,1,1,1,1,0,0,0,0,0,1,0,0,0,1,0,1,0,1,0,1,0,0,0,0,1,0,0
1,4,94,422,1,0,0,1,0,0,1,0,0,0,0,0,0,1,0,0,0,1,0,1,0,0,1,0,1,0,1
0,67,106,7009,0,1,1,1,0,1,1,0,0,1,0,0,0,0,0,1,0,1,0,1,0,1,0,1,0,0,0
1,69,84,5785,1,1,0,1,0,1,1,0,0,1,0,1,0,0,0,0,0,0,0,0,0,0,1,1,0,0,0
0,39,20,790,1,1,0,1,0,0,0,1,1,0,1,0,1,0,1,0,1,0,1,0,0,1,1,0,0,0,0
1,52,105,5376,1,1,0,1,0,1,1,0,0,0,0,1,0,1,0,0,0,1,0,1,1,0,1,0,0,0,0
0,38,99,3777,1,0,1,1,0,1,1,0,0,0,0,0,0,1,0,0,0,1,0,1,0,0,1,0,0,0,0
0,71,108,7616,1,1,0,1,0,1,1,0,0,1,0,0,0,1,0,1,0,1,0,1,0,1,1,1,0,0,0
1,3,81,233,1,0,0,1,0,1,1,0,0,0,0,1,0,0,0,0,0,0,0,0,0,0,1,0,1,0,1
0,9,24,190,1,0,0,0,1,0,0,0,0,0,0,0,0,0,0,0,0,0,0,0,0,0,1,0,1,0,1
0,17,19,310,1,0,0,1,0,0,0,1,1,0,1,0,1,0,1,0,1,0,1,0,1,0,0,0,0,1,0
0,35,89,3161,1,1,0,1,0,1,1,0,0,0,0,0,0,0,0,1,0,0,0,1,0,0,1,0,0,0,0
0,72,83,6042,0,1,1,1,0,1,0,0,0,1,0,0,0,1,0,1,0,1,0,1,0,1,1,0,0,0,0
0,41,19,899,1,1,0,1,0,0,0,1,1,0,1,0,1,0,1,0,1,0,1,0,0,1,1,0,1,0,0
0,63,86,5309,1,0,0,1,0,0,0,0,0,1,0,1,0,1,0,1,0,1,0,1,0,1,1,0,0,0,0
1,32,85,2628,0,1,0,1,0,1,1,0,0,0,0,0,0,0,0,0,0,1,0,0,0,0,1,1,0,0,0
0,13,94,1215,0,1,0,1,0,1,1,0,0,0,0,1,0,1,0,0,0,1,0,0,0,0,0,0,1,0,1
0,72,23,1623,0,1,1,1,0,1,0,1,1,0,1,0,1,0,1,0,1,0,1,0,1,0,1,0,0,0,0
0,52,80,4297,0,0,0,1,0,1,1,0,0,0,0,1,0,0,0,0,0,0,0,0,1,0,1,0,0,1,0
0,31,101,3143,1,0,0,1,0,0,1,0,0,0,0,1,0,1,0,0,0,1,0,1,0,0,1,0,1,0,0
0,72,25,1738,1,1,1,1,0,1,0,1,1,0,1,0,1,0,1,0,1,0,1,0,0,1,0,0,0,0,0
0,29,98,2933,0,0,0,1,0,1,1,0,0,0,0,0,0,1,0,0,0,1,0,1,0,0,1,1,0,0,0
0,40,80,3208,0,0,0,1,0,1,0,0,0,0,0,0,0,1,0,1,0,1,0,1,1,0,1,0,0,1,0
1,66,104,6819,0,1,0,1,0,1,1,0,0,0,0,1,0,1,0,0,0,1,0,1,1,0,0,1,0,0,0
0,1,94,94,0,0,0,1,0,0,1,0,0,0,0,0,0,1,0,0,0,1,0,1,0,0,0,0,1,0,1
0,2,46,84,1,0,0,1,0,0,0,0,0,0,0,0,0,0,0,0,0,0,0,0,0,0,1,1,0,0,1
0,72,115,8349,1,1,0,1,0,1,1,0,0,1,0,1,0,1,0,1,0,1,0,1,0,1,0,0,0,0,0
1,66,102,6471,0,0,0,1,0,1,1,0,0,1,0,0,0,0,0,0,0,1,0,1,0,1,1,0,0,0,0
0,50,54,2614,1,1,1,1,0,1,0,0,0,0,0,0,0,1,0,0,0,0,0,0,1,0,0,0,0,0,0
0,15,99,1426,0,0,0,1,0,0,1,0,0,1,0,1,0,0,0,0,0,1,0,1,0,0,1,1,0,0,1
0,37,78,2839,0,1,0,1,0,1,1,0,0,0,0,0,0,1,0,0,0,0,0,0,0,0,1,1,0,0,0
0,13,88,1222,0,1,1,1,0,0,1,0,0,0,0,0,0,0,0,0,0,1,0,1,0,0,0,0,1,0,1
1,58,97,5458,0,1,0,1,0,1,1,0,0,0,0,1,0,0,0,0,0,1,0,1,1,0,1,0,0,0,0
1,15,74,1133,1,0,0,1,0,1,1,0,0,0,0,0,0,0,0,0,0,0,0,0,0,0,1,1,0,0,0
0,18,19,342,1,1,1,1,0,0,0,1,1,0,1,0,1,0,1,0,1,0,1,0,1,0,0,0,0,0,0
0,72,95,6954,0,1,1,1,0,1,1,0,0,1,0,1,0,0,0,0,0,1,0,0,0,1,1,0,0,0,0
0,31,87,2724,0,0,0,1,0,0,1,0,0,1,0,0,0,1,0,1,0,0,0,0,0,0,0,0,1,0,0
0,53,19,978,1,0,0,1,0,0,0,1,1,0,1,0,1,0,1,0,1,0,1,0,0,1,0,0,0,0,0
0,26,81,2078,0,1,0,1,0,0,0,0,0,0,0,1,0,1,0,1,0,1,0,1,0,0,0,0,0,0,0
0,6,80,493,1,0,0,1,0,0,0,0,0,1,0,0,0,1,0,1,0,1,0,1,0,1,1,0,0,1,0
0,61,114,7132,1,1,0,1,0,1,1,0,0,0,0,1,0,1,0,1,0,1,0,1,0,0,1,0,1,0,0
0,9,79,661,1,1,1,1,0,1,1,0,0,0,0,0,0,1,0,0,0,0,0,0,0,0,1,0,0,0,1
0,46,69,3168,0,1,0,1,0,0,0,0,0,0,0,1,0,0,0,0,0,1,0,1,0,0,1,1,0,0,0
0,62,65,3846,0,0,0,1,0,0,0,0,0,1,0,0,0,0,0,1,0,0,0,1,0,1,1,0,0,1,0
0,52,95,4976,0,1,1,1,0,1,1,0,0,0,0,1,0,1,0,0,0,1,0,0,1,0,1,1,0,0,0
0,1,69,69,0,0,1,1,0,0,1,0,0,0,0,0,0,0,0,0,0,0,0,0,0,0,1,0,1,0,1
0,11,29,346,0,1,1,0,1,0,0,0,0,1,0,0,0,0,0,0,0,0,0,0,0,0,1,0,1,0,0
0,72,116,8013,0,0,0,1,0,1,1,0,0,1,0,1,0,1,0,1,0,1,0,1,0,1,1,0,0,0,0
1,32,93,2970,1,1,0,1,0,1,1,0,0,0,0,1,0,1,0,0,0,0,0,1,0,0,1,0,1,0,1
0,65,59,3739,0,0,0,1,0,0,0,0,0,1,0,1,0,0,0,1,0,0,0,0,0,1,1,0,0,1,0
0,52,50,2610,0,1,1,1,0,0,0,0,0,0,0,0,0,1,0,0,0,0,0,0,1,0,1,0,0,0,0
0,47,100,4669,1,0,0,1,0,1,1,0,0,1,0,1,0,0,0,1,0,1,0,0,0,0,0,0,0,1,0
0,55,90,5099,1,1,1,1,0,1,1,0,0,0,0,0,0,1,0,0,0,1,0,0,0,0,1,1,0,0,0
0,1,24,24,1,0,1,0,1,0,0,0,0,0,0,0,0,0,0,0,0,0,0,0,0,0,0,0,1,0,1
0,2,80,144,1,0,0,1,0,0,1,0,0,0,0,0,0,0,0,0,0,1,0,0,0,0,1,0,1,0,1
0,35,19,686,1,1,1,1,0,0,0,1,1,0,1,0,1,0,1,0,1,0,1,0,0,1,0,0,0,1,0
0,33,20,579,0,1,1,1,0,0,0,1,1,0,1,0,1,0,1,0,1,0,1,0,1,0,0,0,0,1,0
0,15,101,1667,1,1,1,1,0,0,1,0,0,1,0,0,0,0,0,1,0,1,0,1,1,0,0,0,1,0,0
0,72,90,6468,0,1,0,1,0,1,0,0,0,1,0,1,0,1,0,1,0,1,0,1,0,1,1,0,0,0,0
1,1,44,44,1,0,0,1,0,0,0,0,0,0,0,0,0,0,0,0,0,0,0,0,0,0,0,0,1,0,1
0,43,56,2499,0,1,1,1,0,0,0,0,0,0,0,0,0,0,0,0,0,1,0,0,0,0,0,0,1,0,0
0,10,59,638,1,0,0,1,0,0,0,0,0,0,0,1,0,0,0,0,0,1,0,0,0,0,1,0,0,1,0
0,5,20,92,1,0,0,1,0,0,0,1,1,0,1,0,1,0,1,0,1,0,1,0,0,0,0,0,0,1,0
0,57,90,5229,1,0,0,1,0,1,1,0,0,0,0,0,0,0,0,1,0,1,0,0,0,1,1,1,0,0,0
0,17,94,1607,0,1,1,1,0,1,1,0,0,1,0,0,0,1,0,0,0,1,0,0,0,0,0,0,1,0,1
0,52,102,5138,0,1,0,1,0,1,1,0,0,0,0,1,0,0,0,1,0,1,0,1,0,0,1,1,0,0,0
0,15,58,939,1,0,0,1,0,1,0,0,0,0,0,1,0,0,0,1,0,0,0,0,0,0,1,1,0,0,0
1,24,76,1712,1,0,0,1,0,1,1,0,0,0,0,0,0,0,0,0,0,0,0,0,0,0,1,0,1,0,1
0,30,94,2838,1,1,1,1,0,1,1,0,0,1,0,1,0,0,0,0,0,1,0,0,0,0,1,0,1,0,0
0,3,77,206,1,0,0,1,0,0,0,0,0,1,0,0,0,1,0,0,0,1,0,1,0,0,1,0,1,0,1
0,23,99,2186,1,1,0,1,0,1,1,0,0,1,0,1,0,1,0,0,0,1,0,0,0,0,1,0,1,0,1
0,29,19,601,0,0,0,1,0,0,0,1,1,0,1,0,1,0,1,0,1,0,1,0,0,0,0,1,0,0,0
0,1,24,24,0,0,0,0,1,0,0,0,0,0,0,0,0,0,0,0,0,0,0,0,0,0,0,0,0,1,0
0,2,50,109,1,0,0,1,0,0,0,0,0,0,0,0,0,0,0,1,0,0,0,0,0,0,1,1,0,0,0
0,40,81,3292,1,1,1,1,0,1,1,0,0,0,0,0,0,1,0,0,0,0,0,0,0,0,1,0,1,0,0
0,1,44,44,1,0,0,1,0,0,0,0,0,0,0,0,0,0,0,0,0,0,0,0,0,0,0,0,1,0,1
0,62,39,2337,1,1,0,0,1,0,0,0,0,0,0,0,0,0,0,1,0,1,0,0,0,1,1,0,0,0,0
0,32,20,707,1,0,0,1,0,0,0,1,1,0,1,0,1,0,1,0,1,0,1,0,1,0,0,1,0,0,0
0,33,19,641,0,1,1,1,0,0,0,1,1,0,1,0,1,0,1,0,1,0,1,0,0,1,0,1,0,0,0
0,71,20,1500,0,1,1,1,0,0,0,1,1,0,1,0,1,0,1,0,1,0,1,0,0,1,0,0,0,0,0
0,10,20,220,0,1,1,1,0,0,0,1,1,0,1,0,1,0,1,0,1,0,1,0,0,1,0,0,0,1,0
0,15,65,1010,0,0,1,1,0,0,0,0,0,1,0,1,0,1,0,1,0,0,0,0,1,0,0,1,0,0,0
0,43,86,3551,1,1,0,1,0,0,1,0,0,1,0,1,0,1,0,0,0,0,0,0,0,0,1,1,0,0,0
0,2,85,181,1,0,0,1,0,1,1,0,0,0,0,0,0,0,0,0,0,1,0,0,0,0,1,0,1,0,1
0,5,94,462,1,0,0,1,0,1,1,0,0,0,0,0,0,0,0,0,0,1,0,1,0,0,1,0,0,0,1
0,68,38,2719,0,0,0,0,1,0,0,0,0,1,0,0,0,1,0,1,0,0,0,0,0,1,0,0,0,1,0
0,2,44,74,1,0,0,1,0,0,0,0,0,0,0,0,0,0,0,0,0,0,0,0,0,0,0,0,0,1,0
1,66,110,7210,0,1,1,1,0,1,1,0,0,1,0,1,0,0,0,1,0,1,0,1,1,0,1,1,0,0,0
0,1,69,69,1,0,0,1,0,0,1,0,0,0,0,0,0,0,0,0,0,0,0,0,0,0,1,0,1,0,1
1,50,83,4113,0,0,0,1,0,1,1,0,0,1,0,1,0,0,0,0,0,0,0,0,0,0,1,0,1,0,0
0,15,94,1505,0,0,0,1,0,0,1,0,0,0,0,0,0,1,0,0,0,1,0,1,0,0,1,1,0,0,0
0,65,104,6812,1,1,0,1,0,1,1,0,0,1,0,0,0,1,0,0,0,1,0,1,0,0,1,0,1,0,0
1,68,105,7299,1,1,0,1,0,1,1,0,0,0,0,1,0,1,0,0,0,1,0,1,0,0,1,0,1,0,0
0,72,20,1482,0,1,1,1,0,0,0,1,1,0,1,0,1,0,1,0,1,0,1,0,0,1,1,0,0,1,0
0,10,81,818,0,0,0,1,0,1,1,0,0,0,0,1,0,0,0,0,0,0,0,0,0,0,1,1,0,0,1
0,58,45,2689,1,1,0,0,1,0,0,0,0,0,0,0,0,0,0,0,0,1,0,1,1,0,1,1,0,0,0
0,1,89,89,1,0,0,1,0,0,1,0,0,0,0,0,0,0,0,0,0,1,0,1,0,0,1,0,1,0,1
0,12,86,1066,0,0,0,1,0,1,1,0,0,0,0,0,0,0,0,0,0,0,0,1,0,0,1,0,1,0,1
0,55,77,4323,1,0,0,1,0,1,0,0,0,0,0,0,0,1,0,0,0,1,0,1,0,1,1,0,0,0,0
0,3,74,229,1,0,0,1,0,1,1,0,0,0,0,0,0,0,0,0,0,0,0,0,0,0,1,0,1,0,1
0,15,69,994,0,0,1,1,0,0,1,0,0,0,0,0,0,0,0,0,0,0,0,0,0,0,0,0,0,0,0
0,54,97,5129,0,0,0,1,0,1,1,0,0,0,0,1,0,0,0,0,0,1,0,1,0,1,1,0,0,0,0
1,12,29,355,0,1,1,0,1,0,0,0,0,0,0,0,0,0,0,1,0,0,0,0,0,0,1,0,0,1,0
0,2,20,32,1,0,0,1,0,0,0,1,1,0,1,0,1,0,1,0,1,0,1,0,0,0,0,0,0,1,0
0,13,44,659,1,0,1,1,0,0,0,0,0,0,0,0,0,0,0,0,0,0,0,0,0,0,0,0,0,1,0
0,20,69,1540,0,1,0,1,0,0,1,0,0,0,0,0,0,0,0,0,0,0,0,0,0,0,1,0,0,0,0
0,72,65,4919,0,1,0,0,1,0,0,0,0,1,0,1,0,1,0,1,0,1,0,1,0,1,0,0,0,0,0
0,67,65,4322,0,1,0,1,0,1,0,0,0,1,0,1,0,1,0,0,0,0,0,0,0,1,0,0,0,1,0
0,11,86,893,1,0,1,1,0,1,1,0,0,0,0,0,0,0,0,0,0,0,0,1,0,0,0,0,1,0,1
0,1,55,55,1,0,0,1,0,0,0,0,0,0,0,0,0,1,0,1,0,0,0,0,0,0,0,0,0,1,1
0,72,89,6510,0,1,1,1,0,1,0,0,0,1,0,1,0,1,0,1,0,1,0,1,0,1,0,1,0,0,0
0,30,50,1474,1,1,0,1,0,0,0,0,0,0,0,0,0,1,0,0,0,0,0,0,0,0,1,0,0,1,0
1,27,86,2401,0,0,0,1,0,1,1,0,0,0,0,1,0,1,0,0,0,0,0,0,0,0,1,0,0,0,0
0,14,59,780,0,1,1,1,0,0,0,0,0,1,0,1,0,0,0,1,0,0,0,0,0,0,0,0,0,0,0
0,1,43,43,0,0,0,1,0,0,0,0,0,0,0,0,0,0,0,0,0,0,0,0,0,0,0,1,0,0,1
0,46,79,3593,0,0,0,1,0,1,0,0,0,1,0,0,0,1,0,0,0,1,0,1,0,1,0,0,0,1,0
1,1,74,74,0,0,0,1,0,1,1,0,0,0,0,0,0,0,0,0,0,0,0,0,0,0,1,0,1,0,1
0,52,39,1982,0,0,0,0,1,0,0,0,0,1,0,1,0,0,0,1,0,0,0,0,0,1,0,0,0,1,0
0,1,45,45,1,0,0,1,0,0,0,0,0,0,0,0,0,0,0,0,0,0,0,0,0,0,0,0,1,0,1
0,22,94,1914,1,1,0,1,0,0,1,0,0,0,0,0,0,1,0,0,0,1,0,1,0,0,1,1,0,0,0
1,63,89,5538,0,0,0,1,0,1,1,0,0,0,0,0,0,1,0,0,0,0,0,1,0,0,1,0,0,0,0
0,1,69,69,0,1,1,1,0,0,1,0,0,0,0,0,0,0,0,0,0,0,0,0,0,0,1,0,1,0,1
0,32,72,2333,1,1,0,1,0,1,0,0,0,1,0,0,0,0,0,1,0,1,0,0,1,0,1,1,0,0,0
0,5,50,244,0,0,0,1,0,0,0,0,0,0,0,1,0,0,0,0,0,0,0,0,0,0,0,0,0,0,0
0,54,69,3883,1,0,0,1,0,0,0,0,0,1,0,1,0,0,0,1,0,1,0,0,0,0,1,0,0,1,0
0,1,19,19,0,0,0,1,0,0,0,1,1,0,1,0,1,0,1,0,1,0,1,0,0,0,0,0,0,1,0
0,18,99,1776,0,0,0,1,0,1,1,0,0,0,0,0,0,0,0,1,0,1,0,1,0,0,1,0,0,0,0
0,6,60,414,1,0,0,1,0,0,0,0,0,0,0,0,0,1,0,0,0,1,0,0,0,0,0,0,0,1,0
0,6,55,324,1,1,1,1,0,0,0,0,0,0,0,1,0,1,0,0,0,0,0,0,0,0,1,0,0,1,0
0,1,19,19,1,0,0,1,0,0,0,1,1,0,1,0,1,0,1,0,1,0,1,0,0,0,0,0,0,1,0
0,17,55,934,1,0,0,1,0,0,0,0,0,1,0,1,0,0,0,0,0,0,0,0,0,0,1,1,0,0,0
1,1,80,80,1,1,0,1,0,1,1,0,0,1,0,0,0,0,0,0,0,0,0,0,0,0,1,0,1,0,1
0,9,79,769,0,1,0,1,0,0,1,0,0,0,0,0,0,0,0,0,0,0,0,1,0,0,1,0,1,0,1
0,72,88,6501,1,1,1,1,0,1,0,0,0,1,0,1,0,1,0,1,0,1,0,1,0,1,0,1,0,0,0
0,12,50,593,1,0,0,1,0,0,0,0,0,0,0,0,0,0,0,1,0,0,0,0,0,0,0,0,0,0,0
0,39,19,854,0,1,1,1,0,0,0,1,1,0,1,0,1,0,1,0,1,0,1,0,0,1,1,0,0,0,0
1,35,94,3365,1,1,0,1,0,1,1,0,0,1,0,1,0,0,0,0,0,0,0,1,0,0,1,0,1,0,0
0,72,107,7853,0,0,0,1,0,1,1,0,0,0,0,0,0,1,0,1,0,1,0,1,0,1,1,1,0,0,0
0,17,55,937,0,0,1,1,0,1,0,0,0,0,0,0,0,1,0,0,0,0,0,0,1,0,1,0,0,1,0
0,72,69,4908,1,0,0,1,0,1,0,0,0,1,0,1,0,1,0,1,0,0,0,0,0,1,0,0,0,0,0
0,59,83,4949,0,0,0,1,0,1,1,0,0,0,0,1,0,1,0,0,0,0,0,0,0,0,1,0,1,0,0
0,72,99,7285,1,1,0,1,0,1,1,0,0,0,0,1,0,0,0,0,0,1,0,1,0,1,1,0,1,0,0
1,60,80,4859,1,1,1,1,0,1,1,0,0,1,0,0,0,0,0,0,0,0,0,0,0,0,1,0,1,0,0
1,72,117,8436,0,0,0,1,0,1,1,0,0,1,0,1,0,1,0,1,0,1,0,1,0,1,1,1,0,0,0
0,15,29,438,1,0,0,0,1,0,0,0,0,0,0,0,0,0,0,1,0,0,0,0,0,0,1,0,1,0,0
0,68,54,3794,1,1,0,0,1,0,0,0,0,1,0,0,0,1,0,0,0,1,0,1,0,1,1,0,0,0,0
1,71,104,7413,0,0,0,1,0,1,1,0,0,0,0,0,0,1,0,0,0,1,0,1,0,1,0,0,0,0,0
0,58,105,6004,1,1,1,1,0,1,1,0,0,0,0,0,0,1,0,1,0,1,0,1,1,0,1,0,0,0,0
0,44,100,4398,1,0,0,1,0,0,1,0,0,0,0,1,0,0,0,1,0,1,0,1,0,0,0,0,1,0,0
1,72,109,8075,0,1,0,1,0,1,1,0,0,1,0,0,0,1,0,1,0,1,0,1,0,1,1,0,0,1,0
0,6,25,153,1,1,1,1,0,1,0,1,1,0,1,0,1,0,1,0,1,0,1,0,0,1,0,0,0,1,0
0,9,20,186,0,0,0,1,0,0,0,1,1,0,1,0,1,0,1,0,1,0,1,0,0,0,0,0,0,1,0
0,66,20,1374,1,1,1,1,0,0,0,1,1,0,1,0,1,0,1,0,1,0,1,0,0,1,0,1,0,0,0
0,13,79,1111,0,0,0,1,0,0,1,0,0,0,0,1,0,1,0,0,0,0,0,0,0,0,1,0,1,0,1
1,20,84,1745,1,0,0,1,0,1,1,0,0,0,0,0,0,0,0,0,0,1,0,0,0,0,1,0,1,0,1
0,1,19,19,1,0,1,1,0,0,0,1,1,0,1,0,1,0,1,0,1,0,1,0,0,0,1,0,0,1,0
0,5,24,132,0,1,1,1,0,1,0,1,1,0,1,0,1,0,1,0,1,0,1,0,0,0,1,0,0,1,0
0,51,83,4307,1,1,0,1,0,0,0,0,0,1,0,1,0,1,0,1,0,1,0,1,0,1,1,1,0,0,0
0,32,80,2596,1,0,0,1,0,1,1,0,0,0,0,1,0,0,0,0,0,0,0,0,0,0,1,0,0,0,0
0,67,90,6056,1,1,0,1,0,0,1,0,0,1,0,1,0,0,0,0,0,0,0,1,1,0,1,1,0,0,0
0,12,25,313,1,1,1,1,0,1,0,1,1,0,1,0,1,0,1,0,1,0,1,0,0,1,1,0,0,0,0
0,27,81,2272,1,0,0,1,0,1,1,0,0,0,0,0,0,1,0,0,0,0,0,0,0,0,1,0,1,0,1
1,60,97,5867,1,1,0,1,0,0,1,0,0,0,0,1,0,1,0,0,0,1,0,1,1,0,1,0,1,0,0
0,18,64,1166,0,0,1,1,0,1,0,0,0,1,0,0,0,0,0,0,0,0,0,1,0,0,0,0,1,0,0
1,3,70,235,0,0,0,1,0,0,1,0,0,0,0,0,0,0,0,0,0,0,0,0,0,0,1,0,1,0,1
0,1,19,19,0,0,0,1,0,0,0,1,1,0,1,0,1,0,1,0,1,0,1,0,0,0,0,0,1,0,0
0,2,20,45,0,0,0,1,0,0,0,1,1,0,1,0,1,0,1,0,1,0,1,0,0,0,0,0,0,1,0
0,30,40,1187,0,0,0,0,1,0,0,0,0,0,0,0,0,0,0,1,0,0,0,1,1,0,1,1,0,0,0
0,71,109,7854,1,1,0,1,0,1,1,0,0,1,0,1,0,1,0,0,0,1,0,1,1,0,1,0,1,0,0
0,17,92,1579,0,1,0,1,0,1,1,0,0,0,0,0,0,0,0,0,0,1,0,1,0,0,0,0,1,0,1
0,3,84,235,1,0,0,1,0,0,1,0,0,0,0,1,0,0,0,0,0,0,0,1,0,0,0,0,1,0,1
0,1,45,45,0,0,0,1,0,0,0,0,0,0,0,0,0,0,0,0,0,0,0,0,0,0,0,0,0,1,1
1,67,54,3725,0,0,0,1,0,1,0,0,0,0,0,1,0,0,0,0,0,0,0,0,0,0,0,0,1,0,0
0,31,81,2548,1,0,0,1,0,1,1,0,0,0,0,0,0,0,0,1,0,0,0,0,1,0,0,1,0,0,0
1,29,101,2948,1,0,0,1,0,0,1,0,0,0,0,1,0,1,0,0,0,1,0,1,0,0,1,0,0,0,0
1,41,83,3273,1,1,0,1,0,1,1,0,0,1,0,0,0,1,0,0,0,0,0,0,0,0,1,0,0,0,0
0,11,79,795,1,0,0,1,0,0,1,0,0,1,0,0,0,1,0,0,0,0,0,0,0,0,1,0,0,0,0
0,24,70,1706,1,1,1,1,0,0,0,0,0,1,0,1,0,0,0,1,0,0,0,1,0,0,1,1,0,0,0
0,18,45,747,1,0,1,1,0,0,0,0,0,0,0,0,0,0,0,0,0,0,0,0,0,0,1,1,0,0,0
0,25,85,2199,1,1,1,1,0,0,1,0,0,0,0,0,0,0,0,1,0,1,0,0,0,0,0,0,1,0,0
1,13,45,528,0,1,0,0,1,0,0,0,0,0,0,0,0,0,0,0,0,1,0,1,0,0,0,0,1,0,1
0,4,79,324,1,0,0,1,0,0,1,0,0,0,0,0,0,0,0,0,0,0,0,1,0,0,1,0,1,0,1
0,29,31,926,0,0,0,0,1,0,0,0,0,0,0,0,0,0,0,1,0,0,0,0,0,0,1,0,1,0,0
0,72,80,5737,0,1,0,1,0,1,1,0,0,1,0,0,0,0,0,0,0,0,0,0,0,1,0,0,0,0,0
0,70,20,1360,1,1,1,1,0,0,0,1,1,0,1,0,1,0,1,0,1,0,1,0,0,1,0,1,0,0,0
0,67,103,6895,1,1,1,1,0,0,1,0,0,0,0,1,0,1,0,1,0,1,0,1,0,1,0,0,0,0,0
0,20,81,1683,0,1,0,1,0,0,1,0,0,0,0,0,0,1,0,1,0,0,0,0,0,0,1,0,0,1,0
0,64,100,6603,1,0,0,1,0,0,1,0,0,1,0,1,0,0,0,0,0,1,0,1,1,0,1,1,0,0,0
0,18,35,553,0,0,1,0,1,0,0,0,0,0,0,0,0,0,0,0,0,0,0,1,0,0,1,0,1,0,0
0,1,49,49,1,0,0,1,0,0,0,0,0,0,0,0,0,0,0,1,0,0,0,0,0,0,1,0,1,0,0
0,72,83,6093,1,1,1,1,0,1,0,0,0,1,0,0,0,1,0,1,0,1,0,1,0,1,1,1,0,0,0
0,67,100,6733,1,1,0,1,0,0,1,0,0,1,0,1,0,0,0,0,0,1,0,1,1,0,1,1,0,0,0
0,5,70,347,1,0,0,1,0,0,0,0,0,0,0,0,0,1,0,0,0,1,0,1,1,0,1,0,0,1,0
0,24,55,1400,1,0,0,1,0,1,0,0,0,1,0,0,0,0,0,0,0,0,0,0,0,0,1,0,0,0,0
0,59,20,1267,0,1,0,1,0,0,0,1,1,0,1,0,1,0,1,0,1,0,1,0,1,0,0,0,0,1,0
0,71,111,7984,0,0,0,1,0,1,1,0,0,0,0,1,0,1,0,1,0,1,0,1,0,1,1,0,1,0,0
0,1,73,73,0,0,0,1,0,0,1,0,0,0,0,0,0,1,0,0,0,0,0,0,0,0,0,0,0,0,1
0,36,19,702,0,1,1,1,0,0,0,1,1,0,1,0,1,0,1,0,1,0,1,0,0,0,0,0,0,0,0
0,25,18,383,0,1,1,1,0,0,0,1,1,0,1,0,1,0,1,0,1,0,1,0,0,1,1,0,0,1,0
0,6,69,377,1,1,1,1,0,0,1,0,0,0,0,0,0,0,0,0,0,0,0,0,0,0,1,0,1,0,1
0,50,98,4858,1,1,0,1,0,1,1,0,0,0,0,1,0,0,0,0,0,1,0,1,1,0,1,0,1,0,0
0,3,19,63,0,0,0,1,0,0,0,1,1,0,1,0,1,0,1,0,1,0,1,0,0,0,0,0,0,1,0
0,62,84,5150,0,1,0,1,0,1,0,0,0,1,0,1,0,0,0,1,0,1,0,1,0,1,1,0,1,0,0
0,6,91,455,0,0,0,1,0,0,1,0,0,0,0,0,0,0,0,0,0,1,0,1,0,0,1,0,1,0,1
0,5,25,134,0,0,0,1,0,1,0,1,1,0,1,0,1,0,1,0,1,0,1,0,0,0,0,0,0,1,0
0,68,103,7039,0,1,1,1,0,1,1,0,0,0,0,1,0,0,0,1,0,1,0,1,0,1,1,1,0,0,0
0,14,76,1054,1,0,1,1,0,0,0,0,0,1,0,1,0,1,0,1,0,0,0,1,0,1,0,0,0,0,0
1,30,90,2627,0,1,0,1,0,1,1,0,0,0,0,1,0,0,0,0,0,1,0,0,0,0,1,0,1,0,1
0,37,95,3532,0,1,1,1,0,1,1,0,0,0,0,1,0,1,0,0,0,0,0,1,0,0,1,0,1,0,0
0,69,113,7895,0,1,1,1,0,1,1,0,0,1,0,1,0,1,0,1,0,1,0,1,0,1,0,1,0,0,0
0,27,25,788,1,0,1,1,0,1,0,1,1,0,1,0,1,0,1,0,1,0,1,0,0,1,1,1,0,0,0
0,51,110,5686,1,1,1,1,0,1,1,0,0,1,0,1,0,0,0,1,0,1,0,1,1,0,0,1,0,0,0
0,7,61,438,0,0,0,1,0,0,0,0,0,1,0,1,0,1,0,0,0,0,0,0,0,0,0,0,1,0,0
0,19,55,1046,1,0,0,1,0,0,0,0,0,0,0,0,0,1,0,1,0,0,0,0,0,0,1,1,0,0,0
0,25,19,510,1,0,0,1,0,0,0,1,1,0,1,0,1,0,1,0,1,0,1,0,1,0,0,1,0,0,0
0,56,100,5514,1,1,0,1,0,1,1,0,0,1,0,0,0,0,0,0,0,1,0,1,1,0,1,0,1,0,0
0,1,19,19,0,0,0,1,0,0,0,1,1,0,1,0,1,0,1,0,1,0,1,0,0,0,0,0,0,1,0
1,68,53,3656,0,1,1,0,1,0,0,0,0,0,0,1,0,1,0,0,0,1,0,1,0,1,1,0,1,0,0
1,61,82,4904,1,1,0,1,0,1,1,0,0,0,0,1,0,0,0,0,0,0,0,0,0,0,1,0,1,0,0
0,68,19,1292,0,1,1,1,0,0,0,1,1,0,1,0,1,0,1,0,1,0,1,0,0,1,1,0,0,0,0
0,54,20,1090,1,1,1,1,0,0,0,1,1,0,1,0,1,0,1,0,1,0,1,0,0,1,0,1,0,0,0
0,1,50,50,1,0,0,1,0,1,0,0,0,0,0,0,0,0,0,0,0,0,0,0,0,0,1,0,1,0,0
0,1,19,19,1,0,0,1,0,0,0,1,1,0,1,0,1,0,1,0,1,0,1,0,0,0,0,0,0,1,0
0,12,94,1173,1,0,0,1,0,1,1,0,0,0,0,0,0,0,0,0,0,1,0,1,0,0,0,0,1,0,1
0,26,56,1553,0,0,0,1,0,0,0,0,0,0,0,1,0,1,0,0,0,0,0,0,1,0,1,0,0,1,0
1,35,110,3836,0,0,0,1,0,1,1,0,0,1,0,1,0,1,0,1,0,1,0,1,1,0,1,0,0,0,0
0,72,25,1857,0,1,1,1,0,1,0,1,1,0,1,0,1,0,1,0,1,0,1,0,0,1,0,0,0,0,0
